customer_id,nationality,age_group
C-00001,,
C-00002,CN,20s
C-00003,,
C-00004,IN,50s
C-00005,US,Under 20
C-00006,CN,50s
C-00007,CN,60+
C-00008,,
C-00009,,
C-00010,,
C-00011,,
C-00012,,
C-00013,,
C-00014,,
C-00015,,
C-00016,,
C-00017,,
C-00018,,
C-00019,NZ,30s
C-00020,,
C-00021,,
C-00022,,
C-00023,,
C-00024,,
C-00025,,
C-00026,,
C-00027,,
C-00028,,
C-00029,,
C-00030,,
C-00031,,
C-00032,,
C-00033,CN,30s
C-00034,,
C-00035,,
C-00036,,
C-00037,,
C-00038,,
C-00039,,
C-00040,,
C-00041,,
C-00042,,
C-00043,,
C-00044,,
C-00045,KR,50s
C-00046,,
C-00047,,
C-00048,,
C-00049,,
C-00050,,
C-00051,,
C-00052,,
C-00053,,
C-00054,,
C-00055,,
C-00056,CN,30s
C-00057,CA,50s
C-00058,,
C-00059,,
C-00060,,
C-00061,,
C-00062,,
C-00063,,
C-00064,,
C-00065,,
C-00066,,
C-00067,,
C-00068,,
C-00069,,
C-00070,,
C-00071,,
C-00072,,
C-00073,,
C-00074,AU,Under 20
C-00075,,
C-00076,,
C-00077,,
C-00078,,
C-00079,,
C-00080,,
C-00081,,
C-00082,,
C-00083,,
C-00084,,
C-00085,,
C-00086,CA,30s
C-00087,,
C-00088,,
C-00089,,
C-00090,,
C-00091,IN,60+
C-00092,,
C-00093,,
C-00094,,
C-00095,,
C-00096,,
C-00097,,
C-00098,,
C-00099,,
C-00100,,
C-00101,,
C-00102,,
C-00103,,
C-00104,,
C-00105,NZ,Under 20
C-00106,NZ,30s
C-00107,,
C-00108,,
C-00109,,
C-00110,IN,Under 20
C-00111,,
C-00112,,
C-00113,KR,50s
C-00114,,
C-00115,,
C-00116,,
C-00117,,
C-00118,,
C-00119,,
C-00120,,
C-00121,,
C-00122,,
C-00123,,
C-00124,,
C-00125,,
C-00126,,
C-00127,,
C-00128,AU,50s
C-00129,,
C-00130,,
C-00131,KR,20s
C-00132,AU,30s
C-00133,CN,60+
C-00134,,
C-00135,,
C-00136,,
C-00137,,
C-00138,,
C-00139,,
C-00140,,
C-00141,,
C-00142,KR,30s
C-00143,,
C-00144,,
C-00145,,
C-00146,,
C-00147,,
C-00148,US,30s
C-00149,,
C-00150,CN,50s
C-00151,,
C-00152,,
C-00153,,
C-00154,,
C-00155,,
C-00156,,
C-00157,,
C-00158,,
C-00159,TH,Under 20
C-00160,,
C-00161,,
C-00162,,
C-00163,,
C-00164,,
C-00165,,
C-00166,,
C-00167,NZ,40s
C-00168,,
C-00169,,
C-00170,,
C-00171,,
C-00172,,
C-00173,,
C-00174,,
C-00175,,
C-00176,,
C-00177,,
C-00178,,
C-00179,,
C-00180,,
C-00181,,
C-00182,GB,50s
C-00183,,
C-00184,,
C-00185,GB,20s
C-00186,AU,20s
C-00187,,
C-00188,,
C-00189,,
C-00190,,
C-00191,AU,60+
C-00192,,
C-00193,,
C-00194,,
C-00195,,
C-00196,,
C-00197,,
C-00198,,
C-00199,,
C-00200,,
C-00201,,
C-00202,,
C-00203,US,50s
C-00204,,
C-00205,CN,30s
C-00206,,
C-00207,,
C-00208,CN,30s
C-00209,,
C-00210,,
C-00211,,
C-00212,,
C-00213,,
C-00214,,
C-00215,JP,30s
C-00216,,
C-00217,PH,30s
C-00218,AU,50s
C-00219,,
C-00220,,
C-00221,,
C-00222,,
C-00223,,
C-00224,,
C-00225,,
C-00226,,
C-00227,,
C-00228,KR,30s
C-00229,NZ,20s
C-00230,,
C-00231,,
C-00232,,
C-00233,,
C-00234,,
C-00235,AU,60+
C-00236,,
C-00237,,
C-00238,,
C-00239,,
C-00240,,
C-00241,CN,Under 20
C-00242,,
C-00243,,
C-00244,,
C-00245,JP,40s
C-00246,,
C-00247,,
C-00248,,
C-00249,,
C-00250,,
C-00251,,
C-00252,,
C-00253,,
C-00254,,
C-00255,,
C-00256,,
C-00257,,
C-00258,,
C-00259,,
C-00260,,
C-00261,,
C-00262,,
C-00263,,
C-00264,US,20s
C-00265,,
C-00266,,
C-00267,,
C-00268,,
C-00269,,
C-00270,CN,30s
C-00271,,
C-00272,JP,30s
C-00273,,
C-00274,,
C-00275,,
C-00276,,
C-00277,,
C-00278,TH,20s
C-00279,,
C-00280,,
C-00281,KR,30s
C-00282,,
C-00283,,
C-00284,,
C-00285,,
C-00286,,
C-00287,,
C-00288,,
C-00289,,
C-00290,SG,50s
C-00291,,
C-00292,,
C-00293,,
C-00294,,
C-00295,,
C-00296,,
C-00297,,
C-00298,,
C-00299,,
C-00300,CA,50s
C-00301,,
C-00302,,
C-00303,,
C-00304,,
C-00305,US,40s
C-00306,,
C-00307,,
C-00308,,
C-00309,,
C-00310,,
C-00311,CN,40s
C-00312,,
C-00313,,
C-00314,,
C-00315,,
C-00316,,
C-00317,,
C-00318,,
C-00319,,
C-00320,,
C-00321,,
C-00322,,
C-00323,,
C-00324,,
C-00325,SG,20s
C-00326,,
C-00327,,
C-00328,,
C-00329,CN,40s
C-00330,,
C-00331,,
C-00332,,
C-00333,,
C-00334,,
C-00335,,
C-00336,,
C-00337,,
C-00338,,
C-00339,,
C-00340,,
C-00341,,
C-00342,,
C-00343,,
C-00344,,
C-00345,,
C-00346,,
C-00347,,
C-00348,,
C-00349,,
C-00350,CN,40s
C-00351,,
C-00352,,
C-00353,,
C-00354,,
C-00355,,
C-00356,,
C-00357,,
C-00358,,
C-00359,,
C-00360,,
C-00361,,
C-00362,,
C-00363,,
C-00364,,
C-00365,,
C-00366,,
C-00367,,
C-00368,,
C-00369,,
C-00370,,
C-00371,CN,30s
C-00372,,
C-00373,,
C-00374,CN,40s
C-00375,,
C-00376,,
C-00377,US,50s
C-00378,,
C-00379,PH,40s
C-00380,,
C-00381,,
C-00382,,
C-00383,,
C-00384,,
C-00385,,
C-00386,NZ,40s
C-00387,,
C-00388,,
C-00389,,
C-00390,,
C-00391,,
C-00392,,
C-00393,,
C-00394,,
C-00395,,
C-00396,NZ,60+
C-00397,,
C-00398,,
C-00399,,
C-00400,,
C-00401,,
C-00402,,
C-00403,,
C-00404,,
C-00405,,
C-00406,US,40s
C-00407,,
C-00408,,
C-00409,,
C-00410,,
C-00411,,
C-00412,,
C-00413,,
C-00414,,
C-00415,,
C-00416,,
C-00417,,
C-00418,,
C-00419,SG,20s
C-00420,,
C-00421,,
C-00422,,
C-00423,,
C-00424,,
C-00425,,
C-00426,CN,20s
C-00427,,
C-00428,SG,40s
C-00429,,
C-00430,,
C-00431,,
C-00432,,
C-00433,,
C-00434,JP,30s
C-00435,AU,30s
C-00436,,
C-00437,,
C-00438,,
C-00439,,
C-00440,,
C-00441,,
C-00442,,
C-00443,,
C-00444,,
C-00445,,
C-00446,,
C-00447,,
C-00448,,
C-00449,,
C-00450,GB,60+
C-00451,,
C-00452,,
C-00453,,
C-00454,,
C-00455,,
C-00456,TH,60+
C-00457,,
C-00458,,
C-00459,,
C-00460,,
C-00461,,
C-00462,,
C-00463,,
C-00464,,
C-00465,,
C-00466,,
C-00467,,
C-00468,,
C-00469,,
C-00470,,
C-00471,,
C-00472,,
C-00473,,
C-00474,,
C-00475,,
C-00476,,
C-00477,,
C-00478,,
C-00479,,
C-00480,,
C-00481,,
C-00482,,
C-00483,,
C-00484,,
C-00485,,
C-00486,,
C-00487,,
C-00488,,
C-00489,,
C-00490,,
C-00491,,
C-00492,,
C-00493,,
C-00494,,
C-00495,,
C-00496,CN,40s
C-00497,,
C-00498,,
C-00499,,
C-00500,,
C-00501,,
C-00502,,
C-00503,,
C-00504,,
C-00505,,
C-00506,,
C-00507,,
C-00508,CN,Under 20
C-00509,,
C-00510,,
C-00511,,
C-00512,,
C-00513,,
C-00514,,
C-00515,,
C-00516,,
C-00517,,
C-00518,,
C-00519,,
C-00520,,
C-00521,,
C-00522,,
C-00523,,
C-00524,AU,Under 20
C-00525,,
C-00526,,
C-00527,PH,40s
C-00528,AU,30s
C-00529,,
C-00530,,
C-00531,,
C-00532,SG,40s
C-00533,AU,40s
C-00534,KR,Under 20
C-00535,,
C-00536,,
C-00537,,
C-00538,CN,50s
C-00539,,
C-00540,,
C-00541,,
C-00542,,
C-00543,,
C-00544,,
C-00545,,
C-00546,,
C-00547,,
C-00548,,
C-00549,,
C-00550,,
C-00551,,
C-00552,,
C-00553,,
C-00554,,
C-00555,,
C-00556,,
C-00557,,
C-00558,AU,40s
C-00559,,
C-00560,,
C-00561,CN,30s
C-00562,,
C-00563,,
C-00564,,
C-00565,,
C-00566,,
C-00567,,
C-00568,,
C-00569,,
C-00570,,
C-00571,,
C-00572,,
C-00573,,
C-00574,,
C-00575,CN,30s
C-00576,,
C-00577,,
C-00578,,
C-00579,,
C-00580,,
C-00581,,
C-00582,,
C-00583,,
C-00584,,
C-00585,,
C-00586,,
C-00587,,
C-00588,,
C-00589,,
C-00590,CN,60+
C-00591,,
C-00592,,
C-00593,,
C-00594,,
C-00595,,
C-00596,,
C-00597,IN,40s
C-00598,,
C-00599,,
C-00600,,
C-00601,,
C-00602,,
C-00603,,
C-00604,,
C-00605,,
C-00606,,
C-00607,,
C-00608,CN,40s
C-00609,,
C-00610,,
C-00611,,
C-00612,,
C-00613,,
C-00614,,
C-00615,,
C-00616,,
C-00617,,
C-00618,,
C-00619,,
C-00620,,
C-00621,,
C-00622,,
C-00623,,
C-00624,,
C-00625,,
C-00626,,
C-00627,,
C-00628,,
C-00629,,
C-00630,,
C-00631,,
C-00632,,
C-00633,,
C-00634,TH,50s
C-00635,,
C-00636,,
C-00637,,
C-00638,US,20s
C-00639,,
C-00640,,
C-00641,,
C-00642,PH,40s
C-00643,,
C-00644,,
C-00645,,
C-00646,,
C-00647,,
C-00648,,
C-00649,,
C-00650,,
C-00651,,
C-00652,,
C-00653,,
C-00654,,
C-00655,JP,40s
C-00656,,
C-00657,,
C-00658,,
C-00659,IN,50s
C-00660,,
C-00661,,
C-00662,,
C-00663,,
C-00664,,
C-00665,,
C-00666,,
C-00667,,
C-00668,,
C-00669,,
C-00670,,
C-00671,,
C-00672,,
C-00673,,
C-00674,,
C-00675,,
C-00676,,
C-00677,,
C-00678,,
C-00679,,
C-00680,,
C-00681,,
C-00682,,
C-00683,,
C-00684,TH,30s
C-00685,,
C-00686,,
C-00687,,
C-00688,,
C-00689,,
C-00690,,
C-00691,,
C-00692,,
C-00693,,
C-00694,,
C-00695,,
C-00696,,
C-00697,,
C-00698,,
C-00699,,
C-00700,,
C-00701,,
C-00702,,
C-00703,,
C-00704,,
C-00705,,
C-00706,,
C-00707,AU,60+
C-00708,,
C-00709,,
C-00710,,
C-00711,TH,60+
C-00712,,
C-00713,CN,30s
C-00714,,
C-00715,JP,30s
C-00716,,
C-00717,,
C-00718,,
C-00719,,
C-00720,,
C-00721,,
C-00722,,
C-00723,,
C-00724,,
C-00725,,
C-00726,,
C-00727,,
C-00728,,
C-00729,,
C-00730,,
C-00731,,
C-00732,,
C-00733,,
C-00734,,
C-00735,,
C-00736,SG,50s
C-00737,,
C-00738,,
C-00739,,
C-00740,,
C-00741,,
C-00742,,
C-00743,,
C-00744,NZ,30s
C-00745,,
C-00746,,
C-00747,,
C-00748,,
C-00749,,
C-00750,,
C-00751,,
C-00752,,
C-00753,,
C-00754,KR,40s
C-00755,,
C-00756,,
C-00757,,
C-00758,,
C-00759,,
C-00760,,
C-00761,,
C-00762,,
C-00763,,
C-00764,,
C-00765,,
C-00766,,
C-00767,KR,Under 20
C-00768,,
C-00769,,
C-00770,,
C-00771,,
C-00772,CN,60+
C-00773,,
C-00774,,
C-00775,,
C-00776,,
C-00777,,
C-00778,,
C-00779,,
C-00780,,
C-00781,,
C-00782,,
C-00783,,
C-00784,,
C-00785,,
C-00786,,
C-00787,,
C-00788,IN,20s
C-00789,,
C-00790,,
C-00791,,
C-00792,,
C-00793,,
C-00794,,
C-00795,,
C-00796,GB,40s
C-00797,,
C-00798,,
C-00799,,
C-00800,,
C-00801,,
C-00802,,
C-00803,,
C-00804,,
C-00805,,
C-00806,,
C-00807,,
C-00808,,
C-00809,,
C-00810,,
C-00811,,
C-00812,,
C-00813,,
C-00814,AU,Under 20
C-00815,,
C-00816,,
C-00817,CA,20s
C-00818,,
C-00819,,
C-00820,,
C-00821,,
C-00822,,
C-00823,,
C-00824,,
C-00825,,
C-00826,,
C-00827,,
C-00828,,
C-00829,,
C-00830,,
C-00831,,
C-00832,,
C-00833,,
C-00834,,
C-00835,,
C-00836,,
C-00837,,
C-00838,,
C-00839,,
C-00840,CN,Under 20
C-00841,,
C-00842,,
C-00843,CN,60+
C-00844,,
C-00845,JP,20s
C-00846,,
C-00847,,
C-00848,,
C-00849,,
C-00850,,
C-00851,,
C-00852,,
C-00853,,
C-00854,,
C-00855,,
C-00856,,
C-00857,,
C-00858,,
C-00859,,
C-00860,,
C-00861,,
C-00862,PH,20s
C-00863,JP,20s
C-00864,,
C-00865,CN,20s
C-00866,,
C-00867,,
C-00868,,
C-00869,,
C-00870,,
C-00871,,
C-00872,GB,50s
C-00873,JP,60+
C-00874,,
C-00875,,
C-00876,,
C-00877,US,40s
C-00878,,
C-00879,IN,40s
C-00880,AU,50s
C-00881,,
C-00882,KR,50s
C-00883,,
C-00884,,
C-00885,,
C-00886,,
C-00887,,
C-00888,,
C-00889,IN,60+
C-00890,,
C-00891,,
C-00892,,
C-00893,,
C-00894,,
C-00895,,
C-00896,,
C-00897,,
C-00898,,
C-00899,US,60+
C-00900,,
C-00901,,
C-00902,,
C-00903,,
C-00904,AU,40s
C-00905,IN,20s
C-00906,,
C-00907,,
C-00908,,
C-00909,,
C-00910,NZ,60+
C-00911,,
C-00912,,
C-00913,,
C-00914,CN,30s
C-00915,,
C-00916,,
C-00917,,
C-00918,,
C-00919,,
C-00920,PH,30s
C-00921,CN,20s
C-00922,,
C-00923,,
C-00924,,
C-00925,,
C-00926,,
C-00927,,
C-00928,SG,60+
C-00929,,
C-00930,,
C-00931,,
C-00932,,
C-00933,,
C-00934,PH,50s
C-00935,,
C-00936,IN,Under 20
C-00937,GB,40s
C-00938,,
C-00939,,
C-00940,,
C-00941,,
C-00942,,
C-00943,,
C-00944,AU,20s
C-00945,,
C-00946,AU,40s
C-00947,,
C-00948,,
C-00949,,
C-00950,,
C-00951,,
C-00952,US,30s
C-00953,,
C-00954,,
C-00955,,
C-00956,,
C-00957,,
C-00958,,
C-00959,CN,20s
C-00960,,
C-00961,,
C-00962,,
C-00963,US,40s
C-00964,,
C-00965,,
C-00966,,
C-00967,,
C-00968,,
C-00969,,
C-00970,PH,Under 20
C-00971,,
C-00972,,
C-00973,CN,40s
C-00974,,
C-00975,,
C-00976,,
C-00977,AU,30s
C-00978,,
C-00979,,
C-00980,,
C-00981,,
C-00982,,
C-00983,,
C-00984,US,40s
C-00985,,
C-00986,,
C-00987,,
C-00988,,
C-00989,,
C-00990,,
C-00991,,
C-00992,GB,30s
C-00993,,
C-00994,,
C-00995,,
C-00996,,
C-00997,CN,20s
C-00998,,
C-00999,,
C-01000,,
C-01001,,
C-01002,,
C-01003,,
C-01004,,
C-01005,,
C-01006,,
C-01007,,
C-01008,,
C-01009,,
C-01010,,
C-01011,,
C-01012,,
C-01013,,
C-01014,US,30s
C-01015,,
C-01016,,
C-01017,,
C-01018,US,Under 20
C-01019,PH,Under 20
C-01020,,
C-01021,,
C-01022,KR,40s
C-01023,,
C-01024,,
C-01025,,
C-01026,,
C-01027,,
C-01028,,
C-01029,,
C-01030,,
C-01031,,
C-01032,,
C-01033,AU,30s
C-01034,,
C-01035,KR,Under 20
C-01036,,
C-01037,,
C-01038,,
C-01039,,
C-01040,,
C-01041,,
C-01042,,
C-01043,,
C-01044,,
C-01045,,
C-01046,,
C-01047,,
C-01048,AU,60+
C-01049,,
C-01050,,
C-01051,,
C-01052,,
C-01053,,
C-01054,,
C-01055,KR,30s
C-01056,,
C-01057,,
C-01058,,
C-01059,IN,Under 20
C-01060,,
C-01061,,
C-01062,,
C-01063,,
C-01064,,
C-01065,,
C-01066,,
C-01067,,
C-01068,,
C-01069,,
C-01070,,
C-01071,,
C-01072,,
C-01073,,
C-01074,,
C-01075,,
C-01076,,
C-01077,,
C-01078,,
C-01079,PH,Under 20
C-01080,,
C-01081,,
C-01082,,
C-01083,,
C-01084,,
C-01085,,
C-01086,,
C-01087,,
C-01088,,
C-01089,,
C-01090,,
C-01091,,
C-01092,,
C-01093,,
C-01094,NZ,60+
C-01095,,
C-01096,,
C-01097,,
C-01098,,
C-01099,,
C-01100,,
C-01101,,
C-01102,,
C-01103,,
C-01104,,
C-01105,,
C-01106,,
C-01107,,
C-01108,,
C-01109,,
C-01110,,
C-01111,,
C-01112,,
C-01113,,
C-01114,,
C-01115,,
C-01116,,
C-01117,,
C-01118,,
C-01119,,
C-01120,PH,Under 20
C-01121,,
C-01122,,
C-01123,,
C-01124,,
C-01125,,
C-01126,,
C-01127,,
C-01128,,
C-01129,,
C-01130,,
C-01131,AU,50s
C-01132,,
C-01133,,
C-01134,CN,30s
C-01135,,
C-01136,,
C-01137,,
C-01138,,
C-01139,,
C-01140,,
C-01141,,
C-01142,,
C-01143,,
C-01144,,
C-01145,,
C-01146,AU,30s
C-01147,,
C-01148,,
C-01149,,
C-01150,,
C-01151,,
C-01152,,
C-01153,,
C-01154,CN,60+
C-01155,,
C-01156,,
C-01157,CA,50s
C-01158,,
C-01159,,
C-01160,,
C-01161,,
C-01162,,
C-01163,NZ,50s
C-01164,,
C-01165,,
C-01166,TH,Under 20
C-01167,,
C-01168,,
C-01169,,
C-01170,,
C-01171,PH,Under 20
C-01172,,
C-01173,,
C-01174,,
C-01175,JP,30s
C-01176,,
C-01177,,
C-01178,GB,30s
C-01179,,
C-01180,,
C-01181,,
C-01182,,
C-01183,,
C-01184,,
C-01185,,
C-01186,,
C-01187,,
C-01188,,
C-01189,,
C-01190,,
C-01191,CN,20s
C-01192,,
C-01193,,
C-01194,,
C-01195,,
C-01196,,
C-01197,,
C-01198,KR,30s
C-01199,,
C-01200,,
C-01201,,
C-01202,,
C-01203,NZ,40s
C-01204,,
C-01205,,
C-01206,,
C-01207,,
C-01208,,
C-01209,,
C-01210,,
C-01211,,
C-01212,,
C-01213,,
C-01214,KR,20s
C-01215,,
C-01216,,
C-01217,KR,30s
C-01218,,
C-01219,,
C-01220,,
C-01221,,
C-01222,,
C-01223,,
C-01224,,
C-01225,,
C-01226,,
C-01227,,
C-01228,,
C-01229,KR,40s
C-01230,,
C-01231,,
C-01232,,
C-01233,,
C-01234,,
C-01235,,
C-01236,,
C-01237,AU,60+
C-01238,,
C-01239,,
C-01240,,
C-01241,,
C-01242,,
C-01243,,
C-01244,,
C-01245,,
C-01246,,
C-01247,,
C-01248,,
C-01249,,
C-01250,,
C-01251,IN,40s
C-01252,,
C-01253,,
C-01254,JP,60+
C-01255,,
C-01256,,
C-01257,,
C-01258,,
C-01259,,
C-01260,PH,40s
C-01261,,
C-01262,,
C-01263,,
C-01264,,
C-01265,,
C-01266,,
C-01267,,
C-01268,,
C-01269,,
C-01270,,
C-01271,,
C-01272,,
C-01273,,
C-01274,,
C-01275,,
C-01276,,
C-01277,,
C-01278,,
C-01279,,
C-01280,,
C-01281,,
C-01282,,
C-01283,,
C-01284,,
C-01285,,
C-01286,CA,Under 20
C-01287,,
C-01288,,
C-01289,,
C-01290,,
C-01291,,
C-01292,,
C-01293,TH,60+
C-01294,US,50s
C-01295,,
C-01296,,
C-01297,,
C-01298,,
C-01299,,
C-01300,,
C-01301,,
C-01302,,
C-01303,CN,20s
C-01304,,
C-01305,,
C-01306,,
C-01307,,
C-01308,,
C-01309,,
C-01310,,
C-01311,CN,50s
C-01312,,
C-01313,,
C-01314,,
C-01315,KR,50s
C-01316,,
C-01317,,
C-01318,,
C-01319,,
C-01320,,
C-01321,,
C-01322,,
C-01323,,
C-01324,AU,60+
C-01325,,
C-01326,,
C-01327,,
C-01328,,
C-01329,,
C-01330,CA,50s
C-01331,,
C-01332,,
C-01333,,
C-01334,,
C-01335,,
C-01336,,
C-01337,AU,40s
C-01338,,
C-01339,,
C-01340,,
C-01341,,
C-01342,,
C-01343,,
C-01344,,
C-01345,,
C-01346,,
C-01347,,
C-01348,,
C-01349,CN,Under 20
C-01350,,
C-01351,,
C-01352,CN,40s
C-01353,,
C-01354,,
C-01355,,
C-01356,,
C-01357,,
C-01358,,
C-01359,,
C-01360,,
C-01361,,
C-01362,,
C-01363,,
C-01364,,
C-01365,,
C-01366,NZ,40s
C-01367,,
C-01368,,
C-01369,,
C-01370,US,60+
C-01371,,
C-01372,,
C-01373,AU,20s
C-01374,,
C-01375,,
C-01376,,
C-01377,,
C-01378,,
C-01379,,
C-01380,,
C-01381,,
C-01382,GB,50s
C-01383,,
C-01384,,
C-01385,,
C-01386,TH,40s
C-01387,,
C-01388,,
C-01389,,
C-01390,,
C-01391,,
C-01392,,
C-01393,,
C-01394,AU,60+
C-01395,,
C-01396,,
C-01397,,
C-01398,,
C-01399,,
C-01400,,
C-01401,,
C-01402,,
C-01403,,
C-01404,,
C-01405,,
C-01406,,
C-01407,,
C-01408,,
C-01409,,
C-01410,,
C-01411,,
C-01412,,
C-01413,,
C-01414,,
C-01415,,
C-01416,,
C-01417,,
C-01418,,
C-01419,US,60+
C-01420,,
C-01421,,
C-01422,,
C-01423,,
C-01424,,
C-01425,,
C-01426,,
C-01427,,
C-01428,,
C-01429,,
C-01430,,
C-01431,SG,Under 20
C-01432,,
C-01433,,
C-01434,,
C-01435,,
C-01436,,
C-01437,,
C-01438,,
C-01439,,
C-01440,,
C-01441,,
C-01442,,
C-01443,,
C-01444,,
C-01445,,
C-01446,,
C-01447,,
C-01448,,
C-01449,,
C-01450,,
C-01451,,
C-01452,,
C-01453,,
C-01454,,
C-01455,,
C-01456,,
C-01457,,
C-01458,,
C-01459,,
C-01460,,
C-01461,,
C-01462,,
C-01463,,
C-01464,,
C-01465,,
C-01466,,
C-01467,,
C-01468,,
C-01469,,
C-01470,,
C-01471,,
C-01472,,
C-01473,,
C-01474,,
C-01475,,
C-01476,,
C-01477,,
C-01478,,
C-01479,SG,Under 20
C-01480,,
C-01481,,
C-01482,,
C-01483,,
C-01484,,
C-01485,,
C-01486,,
C-01487,,
C-01488,,
C-01489,,
C-01490,,
C-01491,,
C-01492,,
C-01493,,
C-01494,,
C-01495,US,60+
C-01496,,
C-01497,,
C-01498,,
C-01499,,
C-01500,,
C-01501,,
C-01502,,
C-01503,,
C-01504,,
C-01505,,
C-01506,,
C-01507,,
C-01508,,
C-01509,JP,60+
C-01510,,
C-01511,,
C-01512,,
C-01513,,
C-01514,,
C-01515,,
C-01516,,
C-01517,,
C-01518,,
C-01519,,
C-01520,,
C-01521,,
C-01522,,
C-01523,,
C-01524,,
C-01525,,
C-01526,GB,Under 20
C-01527,,
C-01528,,
C-01529,,
C-01530,,
C-01531,,
C-01532,,
C-01533,,
C-01534,,
C-01535,,
C-01536,,
C-01537,,
C-01538,,
C-01539,,
C-01540,,
C-01541,NZ,30s
C-01542,,
C-01543,,
C-01544,,
C-01545,,
C-01546,,
C-01547,,
C-01548,,
C-01549,KR,20s
C-01550,,
C-01551,,
C-01552,,
C-01553,NZ,40s
C-01554,,
C-01555,,
C-01556,,
C-01557,,
C-01558,KR,60+
C-01559,,
C-01560,,
C-01561,,
C-01562,,
C-01563,,
C-01564,,
C-01565,,
C-01566,,
C-01567,,
C-01568,,
C-01569,,
C-01570,,
C-01571,,
C-01572,,
C-01573,,
C-01574,,
C-01575,,
C-01576,,
C-01577,,
C-01578,,
C-01579,,
C-01580,,
C-01581,,
C-01582,,
C-01583,,
C-01584,,
C-01585,,
C-01586,,
C-01587,,
C-01588,,
C-01589,,
C-01590,JP,50s
C-01591,,
C-01592,,
C-01593,,
C-01594,,
C-01595,,
C-01596,,
C-01597,,
C-01598,,
C-01599,,
C-01600,,
C-01601,CN,40s
C-01602,,
C-01603,US,30s
C-01604,,
C-01605,,
C-01606,,
C-01607,,
C-01608,,
C-01609,NZ,Under 20
C-01610,,
C-01611,CA,40s
C-01612,US,20s
C-01613,,
C-01614,,
C-01615,,
C-01616,,
C-01617,,
C-01618,,
C-01619,,
C-01620,,
C-01621,,
C-01622,,
C-01623,,
C-01624,,
C-01625,,
C-01626,,
C-01627,,
C-01628,,
C-01629,,
C-01630,,
C-01631,,
C-01632,AU,30s
C-01633,,
C-01634,,
C-01635,,
C-01636,,
C-01637,,
C-01638,,
C-01639,,
C-01640,,
C-01641,,
C-01642,,
C-01643,KR,50s
C-01644,,
C-01645,,
C-01646,CN,Under 20
C-01647,,
C-01648,,
C-01649,,
C-01650,,
C-01651,,
C-01652,US,50s
C-01653,,
C-01654,,
C-01655,GB,30s
C-01656,,
C-01657,,
C-01658,,
C-01659,,
C-01660,,
C-01661,,
C-01662,,
C-01663,,
C-01664,,
C-01665,,
C-01666,,
C-01667,,
C-01668,,
C-01669,,
C-01670,,
C-01671,,
C-01672,,
C-01673,,
C-01674,NZ,60+
C-01675,,
C-01676,,
C-01677,,
C-01678,,
C-01679,,
C-01680,,
C-01681,,
C-01682,,
C-01683,,
C-01684,,
C-01685,,
C-01686,,
C-01687,,
C-01688,,
C-01689,,
C-01690,,
C-01691,,
C-01692,,
C-01693,,
C-01694,,
C-01695,,
C-01696,,
C-01697,IN,20s
C-01698,NZ,50s
C-01699,,
C-01700,,
C-01701,,
C-01702,,
C-01703,,
C-01704,,
C-01705,,
C-01706,,
C-01707,,
C-01708,,
C-01709,SG,60+
C-01710,TH,40s
C-01711,,
C-01712,,
C-01713,,
C-01714,,
C-01715,,
C-01716,,
C-01717,,
C-01718,,
C-01719,,
C-01720,,
C-01721,,
C-01722,,
C-01723,,
C-01724,,
C-01725,,
C-01726,,
C-01727,,
C-01728,,
C-01729,,
C-01730,PH,60+
C-01731,,
C-01732,,
C-01733,,
C-01734,,
C-01735,,
C-01736,,
C-01737,,
C-01738,,
C-01739,,
C-01740,,
C-01741,,
C-01742,,
C-01743,,
C-01744,,
C-01745,,
C-01746,,
C-01747,,
C-01748,,
C-01749,,
C-01750,,
C-01751,,
C-01752,,
C-01753,,
C-01754,,
C-01755,,
C-01756,AU,Under 20
C-01757,,
C-01758,,
C-01759,,
C-01760,,
C-01761,,
C-01762,,
C-01763,,
C-01764,GB,30s
C-01765,KR,50s
C-01766,,
C-01767,,
C-01768,GB,40s
C-01769,GB,30s
C-01770,,
C-01771,,
C-01772,,
C-01773,,
C-01774,,
C-01775,,
C-01776,,
C-01777,,
C-01778,,
C-01779,,
C-01780,,
C-01781,,
C-01782,,
C-01783,,
C-01784,SG,40s
C-01785,,
C-01786,,
C-01787,,
C-01788,,
C-01789,,
C-01790,,
C-01791,,
C-01792,,
C-01793,NZ,50s
C-01794,,
C-01795,,
C-01796,,
C-01797,PH,60+
C-01798,,
C-01799,,
C-01800,,
C-01801,GB,Under 20
C-01802,,
C-01803,,
C-01804,,
C-01805,,
C-01806,,
C-01807,,
C-01808,,
C-01809,,
C-01810,,
C-01811,,
C-01812,,
C-01813,,
C-01814,CN,20s
C-01815,,
C-01816,,
C-01817,,
C-01818,CN,20s
C-01819,,
C-01820,,
C-01821,,
C-01822,,
C-01823,,
C-01824,,
C-01825,,
C-01826,,
C-01827,IN,30s
C-01828,US,Under 20
C-01829,,
C-01830,,
C-01831,,
C-01832,,
C-01833,,
C-01834,CN,40s
C-01835,,
C-01836,,
C-01837,,
C-01838,,
C-01839,,
C-01840,,
C-01841,KR,20s
C-01842,,
C-01843,CN,60+
C-01844,,
C-01845,,
C-01846,,
C-01847,,
C-01848,SG,40s
C-01849,,
C-01850,,
C-01851,,
C-01852,,
C-01853,,
C-01854,,
C-01855,,
C-01856,NZ,Under 20
C-01857,,
C-01858,,
C-01859,,
C-01860,US,Under 20
C-01861,,
C-01862,,
C-01863,,
C-01864,,
C-01865,,
C-01866,,
C-01867,,
C-01868,,
C-01869,,
C-01870,,
C-01871,,
C-01872,,
C-01873,,
C-01874,,
C-01875,,
C-01876,,
C-01877,,
C-01878,,
C-01879,,
C-01880,,
C-01881,,
C-01882,NZ,50s
C-01883,,
C-01884,,
C-01885,,
C-01886,,
C-01887,,
C-01888,,
C-01889,,
C-01890,,
C-01891,,
C-01892,,
C-01893,,
C-01894,,
C-01895,,
C-01896,,
C-01897,,
C-01898,,
C-01899,,
C-01900,,
C-01901,,
C-01902,,
C-01903,,
C-01904,,
C-01905,,
C-01906,,
C-01907,,
C-01908,,
C-01909,,
C-01910,IN,60+
C-01911,,
C-01912,,
C-01913,,
C-01914,PH,40s
C-01915,,
C-01916,,
C-01917,,
C-01918,,
C-01919,,
C-01920,,
C-01921,,
C-01922,,
C-01923,,
C-01924,,
C-01925,,
C-01926,,
C-01927,,
C-01928,,
C-01929,TH,60+
C-01930,,
C-01931,,
C-01932,,
C-01933,JP,60+
C-01934,,
C-01935,,
C-01936,,
C-01937,,
C-01938,,
C-01939,,
C-01940,,
C-01941,,
C-01942,,
C-01943,AU,20s
C-01944,,
C-01945,,
C-01946,,
C-01947,,
C-01948,,
C-01949,,
C-01950,,
C-01951,,
C-01952,,
C-01953,,
C-01954,AU,40s
C-01955,,
C-01956,PH,60+
C-01957,,
C-01958,,
C-01959,,
C-01960,,
C-01961,,
C-01962,,
C-01963,,
C-01964,,
C-01965,,
C-01966,,
C-01967,,
C-01968,PH,60+
C-01969,JP,60+
C-01970,,
C-01971,,
C-01972,,
C-01973,,
C-01974,,
C-01975,,
C-01976,,
C-01977,,
C-01978,,
C-01979,,
C-01980,KR,20s
C-01981,,
C-01982,,
C-01983,CN,30s
C-01984,,
C-01985,,
C-01986,AU,50s
C-01987,,
C-01988,,
C-01989,,
C-01990,,
C-01991,,
C-01992,,
C-01993,,
C-01994,,
C-01995,,
C-01996,,
C-01997,,
C-01998,,
C-01999,,
C-02000,,
C-02001,,
C-02002,,
C-02003,,
C-02004,CN,Under 20
C-02005,,
C-02006,NZ,20s
C-02007,,
C-02008,,
C-02009,,
C-02010,,
C-02011,,
C-02012,,
C-02013,,
C-02014,,
C-02015,,
C-02016,,
C-02017,,
C-02018,,
C-02019,,
C-02020,,
C-02021,NZ,Under 20
C-02022,,
C-02023,,
C-02024,,
C-02025,,
C-02026,,
C-02027,,
C-02028,,
C-02029,,
C-02030,,
C-02031,,
C-02032,,
C-02033,,
C-02034,,
C-02035,CN,30s
C-02036,,
C-02037,,
C-02038,,
C-02039,,
C-02040,,
C-02041,AU,50s
C-02042,,
C-02043,,
C-02044,,
C-02045,IN,50s
C-02046,,
C-02047,,
C-02048,,
C-02049,,
C-02050,,
C-02051,,
C-02052,CN,Under 20
C-02053,,
C-02054,,
C-02055,,
C-02056,,
C-02057,,
C-02058,,
C-02059,,
C-02060,,
C-02061,,
C-02062,,
C-02063,,
C-02064,,
C-02065,,
C-02066,NZ,30s
C-02067,,
C-02068,,
C-02069,,
C-02070,,
C-02071,,
C-02072,,
C-02073,,
C-02074,,
C-02075,,
C-02076,,
C-02077,,
C-02078,,
C-02079,CN,60+
C-02080,PH,20s
C-02081,,
C-02082,,
C-02083,,
C-02084,,
C-02085,,
C-02086,,
C-02087,,
C-02088,,
C-02089,,
C-02090,JP,Under 20
C-02091,,
C-02092,,
C-02093,,
C-02094,,
C-02095,,
C-02096,,
C-02097,,
C-02098,,
C-02099,,
C-02100,TH,60+
C-02101,,
C-02102,,
C-02103,GB,20s
C-02104,,
C-02105,,
C-02106,,
C-02107,,
C-02108,,
C-02109,,
C-02110,,
C-02111,,
C-02112,,
C-02113,,
C-02114,,
C-02115,KR,40s
C-02116,SG,20s
C-02117,,
C-02118,SG,20s
C-02119,,
C-02120,,
C-02121,,
C-02122,,
C-02123,,
C-02124,,
C-02125,NZ,Under 20
C-02126,,
C-02127,,
C-02128,,
C-02129,,
C-02130,,
C-02131,,
C-02132,,
C-02133,,
C-02134,,
C-02135,US,20s
C-02136,,
C-02137,,
C-02138,,
C-02139,NZ,Under 20
C-02140,,
C-02141,,
C-02142,,
C-02143,NZ,60+
C-02144,,
C-02145,NZ,30s
C-02146,,
C-02147,,
C-02148,,
C-02149,,
C-02150,,
C-02151,,
C-02152,,
C-02153,KR,40s
C-02154,,
C-02155,,
C-02156,,
C-02157,,
C-02158,,
C-02159,,
C-02160,,
C-02161,,
C-02162,,
C-02163,IN,30s
C-02164,,
C-02165,,
C-02166,,
C-02167,,
C-02168,GB,50s
C-02169,,
C-02170,,
C-02171,,
C-02172,PH,30s
C-02173,,
C-02174,,
C-02175,,
C-02176,,
C-02177,,
C-02178,,
C-02179,,
C-02180,,
C-02181,,
C-02182,,
C-02183,,
C-02184,CA,Under 20
C-02185,,
C-02186,,
C-02187,,
C-02188,,
C-02189,,
C-02190,,
C-02191,,
C-02192,,
C-02193,,
C-02194,,
C-02195,AU,30s
C-02196,,
C-02197,,
C-02198,,
C-02199,,
C-02200,,
C-02201,,
C-02202,,
C-02203,,
C-02204,,
C-02205,,
C-02206,,
C-02207,,
C-02208,AU,20s
C-02209,,
C-02210,,
C-02211,,
C-02212,,
C-02213,,
C-02214,,
C-02215,,
C-02216,,
C-02217,,
C-02218,,
C-02219,,
C-02220,,
C-02221,,
C-02222,KR,Under 20
C-02223,,
C-02224,,
C-02225,,
C-02226,IN,60+
C-02227,US,30s
C-02228,,
C-02229,,
C-02230,,
C-02231,,
C-02232,JP,30s
C-02233,,
C-02234,CA,30s
C-02235,,
C-02236,,
C-02237,IN,50s
C-02238,,
C-02239,,
C-02240,,
C-02241,PH,20s
C-02242,,
C-02243,,
C-02244,GB,60+
C-02245,IN,Under 20
C-02246,PH,20s
C-02247,NZ,20s
C-02248,,
C-02249,,
C-02250,JP,60+
C-02251,,
C-02252,,
C-02253,,
C-02254,,
C-02255,,
C-02256,,
C-02257,NZ,50s
C-02258,,
C-02259,CN,50s
C-02260,,
C-02261,,
C-02262,US,30s
C-02263,,
C-02264,,
C-02265,US,30s
C-02266,,
C-02267,,
C-02268,,
C-02269,,
C-02270,,
C-02271,,
C-02272,,
C-02273,,
C-02274,,
C-02275,,
C-02276,,
C-02277,,
C-02278,US,20s
C-02279,,
C-02280,,
C-02281,,
C-02282,NZ,60+
C-02283,,
C-02284,,
C-02285,,
C-02286,,
C-02287,,
C-02288,,
C-02289,,
C-02290,,
C-02291,,
C-02292,,
C-02293,CN,50s
C-02294,,
C-02295,,
C-02296,,
C-02297,,
C-02298,,
C-02299,,
C-02300,,
C-02301,,
C-02302,,
C-02303,KR,20s
C-02304,,
C-02305,,
C-02306,,
C-02307,,
C-02308,,
C-02309,,
C-02310,,
C-02311,,
C-02312,CN,50s
C-02313,AU,40s
C-02314,,
C-02315,,
C-02316,,
C-02317,,
C-02318,,
C-02319,,
C-02320,,
C-02321,CN,60+
C-02322,,
C-02323,,
C-02324,,
C-02325,,
C-02326,,
C-02327,,
C-02328,,
C-02329,,
C-02330,,
C-02331,CN,20s
C-02332,US,40s
C-02333,,
C-02334,,
C-02335,AU,20s
C-02336,AU,20s
C-02337,,
C-02338,,
C-02339,,
C-02340,,
C-02341,,
C-02342,,
C-02343,,
C-02344,,
C-02345,AU,60+
C-02346,,
C-02347,CA,30s
C-02348,SG,Under 20
C-02349,,
C-02350,,
C-02351,,
C-02352,,
C-02353,IN,20s
C-02354,,
C-02355,,
C-02356,,
C-02357,,
C-02358,,
C-02359,,
C-02360,,
C-02361,,
C-02362,,
C-02363,,
C-02364,,
C-02365,NZ,40s
C-02366,,
C-02367,,
C-02368,,
C-02369,,
C-02370,,
C-02371,,
C-02372,,
C-02373,,
C-02374,,
C-02375,,
C-02376,,
C-02377,,
C-02378,,
C-02379,,
C-02380,,
C-02381,,
C-02382,,
C-02383,,
C-02384,,
C-02385,TH,50s
C-02386,,
C-02387,,
C-02388,,
C-02389,,
C-02390,,
C-02391,,
C-02392,,
C-02393,,
C-02394,,
C-02395,,
C-02396,,
C-02397,,
C-02398,,
C-02399,,
C-02400,,
C-02401,,
C-02402,,
C-02403,,
C-02404,,
C-02405,,
C-02406,,
C-02407,,
C-02408,,
C-02409,,
C-02410,,
C-02411,,
C-02412,,
C-02413,,
C-02414,,
C-02415,,
C-02416,,
C-02417,,
C-02418,AU,50s
C-02419,,
C-02420,,
C-02421,CA,20s
C-02422,,
C-02423,,
C-02424,,
C-02425,,
C-02426,,
C-02427,CN,60+
C-02428,,
C-02429,,
C-02430,,
C-02431,,
C-02432,,
C-02433,,
C-02434,,
C-02435,,
C-02436,CN,20s
C-02437,,
C-02438,,
C-02439,,
C-02440,,
C-02441,,
C-02442,,
C-02443,,
C-02444,,
C-02445,,
C-02446,,
C-02447,,
C-02448,,
C-02449,,
C-02450,,
C-02451,,
C-02452,,
C-02453,,
C-02454,IN,50s
C-02455,,
C-02456,,
C-02457,,
C-02458,KR,50s
C-02459,,
C-02460,,
C-02461,,
C-02462,,
C-02463,,
C-02464,,
C-02465,,
C-02466,,
C-02467,,
C-02468,IN,60+
C-02469,,
C-02470,,
C-02471,CN,60+
C-02472,CN,Under 20
C-02473,,
C-02474,US,40s
C-02475,,
C-02476,,
C-02477,,
C-02478,,
C-02479,,
C-02480,US,50s
C-02481,,
C-02482,,
C-02483,,
C-02484,PH,30s
C-02485,CN,Under 20
C-02486,CN,40s
C-02487,,
C-02488,SG,Under 20
C-02489,,
C-02490,,
C-02491,,
C-02492,,
C-02493,,
C-02494,,
C-02495,,
C-02496,,
C-02497,NZ,20s
C-02498,,
C-02499,,
C-02500,,
C-02501,,
C-02502,,
C-02503,,
C-02504,NZ,50s
C-02505,,
C-02506,,
C-02507,,
C-02508,,
C-02509,,
C-02510,,
C-02511,,
C-02512,,
C-02513,CN,30s
C-02514,,
C-02515,,
C-02516,JP,40s
C-02517,,
C-02518,,
C-02519,GB,20s
C-02520,,
C-02521,,
C-02522,,
C-02523,US,30s
C-02524,,
C-02525,,
C-02526,IN,60+
C-02527,KR,50s
C-02528,,
C-02529,,
C-02530,,
C-02531,NZ,50s
C-02532,,
C-02533,,
C-02534,,
C-02535,,
C-02536,,
C-02537,,
C-02538,CA,60+
C-02539,GB,50s
C-02540,,
C-02541,,
C-02542,,
C-02543,IN,20s
C-02544,,
C-02545,,
C-02546,,
C-02547,,
C-02548,AU,60+
C-02549,,
C-02550,,
C-02551,,
C-02552,,
C-02553,,
C-02554,,
C-02555,,
C-02556,NZ,40s
C-02557,,
C-02558,,
C-02559,,
C-02560,,
C-02561,IN,50s
C-02562,,
C-02563,,
C-02564,,
C-02565,,
C-02566,,
C-02567,,
C-02568,,
C-02569,,
C-02570,,
C-02571,CN,50s
C-02572,,
C-02573,,
C-02574,,
C-02575,,
C-02576,,
C-02577,,
C-02578,,
C-02579,,
C-02580,,
C-02581,,
C-02582,,
C-02583,,
C-02584,,
C-02585,,
C-02586,US,30s
C-02587,,
C-02588,JP,30s
C-02589,,
C-02590,,
C-02591,,
C-02592,,
C-02593,,
C-02594,,
C-02595,,
C-02596,,
C-02597,,
C-02598,,
C-02599,,
C-02600,,
C-02601,US,40s
C-02602,,
C-02603,,
C-02604,,
C-02605,,
C-02606,,
C-02607,,
C-02608,,
C-02609,,
C-02610,,
C-02611,,
C-02612,,
C-02613,CN,20s
C-02614,,
C-02615,,
C-02616,,
C-02617,,
C-02618,,
C-02619,,
C-02620,,
C-02621,,
C-02622,,
C-02623,AU,30s
C-02624,,
C-02625,,
C-02626,,
C-02627,,
C-02628,,
C-02629,,
C-02630,,
C-02631,,
C-02632,,
C-02633,AU,Under 20
C-02634,,
C-02635,,
C-02636,,
C-02637,,
C-02638,,
C-02639,,
C-02640,,
C-02641,,
C-02642,JP,60+
C-02643,CA,60+
C-02644,,
C-02645,,
C-02646,,
C-02647,,
C-02648,,
C-02649,,
C-02650,,
C-02651,,
C-02652,,
C-02653,,
C-02654,,
C-02655,,
C-02656,,
C-02657,,
C-02658,,
C-02659,,
C-02660,TH,30s
C-02661,,
C-02662,,
C-02663,,
C-02664,,
C-02665,,
C-02666,,
C-02667,,
C-02668,,
C-02669,,
C-02670,,
C-02671,,
C-02672,,
C-02673,,
C-02674,,
C-02675,,
C-02676,PH,50s
C-02677,,
C-02678,,
C-02679,,
C-02680,US,30s
C-02681,,
C-02682,,
C-02683,,
C-02684,IN,50s
C-02685,,
C-02686,,
C-02687,,
C-02688,,
C-02689,,
C-02690,,
C-02691,,
C-02692,,
C-02693,,
C-02694,,
C-02695,,
C-02696,,
C-02697,,
C-02698,,
C-02699,,
C-02700,,
C-02701,,
C-02702,,
C-02703,,
C-02704,,
C-02705,,
C-02706,,
C-02707,,
C-02708,,
C-02709,,
C-02710,,
C-02711,,
C-02712,,
C-02713,,
C-02714,AU,60+
C-02715,,
C-02716,,
C-02717,CA,50s
C-02718,IN,50s
C-02719,,
C-02720,PH,20s
C-02721,,
C-02722,,
C-02723,,
C-02724,,
C-02725,,
C-02726,,
C-02727,,
C-02728,,
C-02729,NZ,20s
C-02730,,
C-02731,US,20s
C-02732,,
C-02733,,
C-02734,,
C-02735,,
C-02736,,
C-02737,KR,60+
C-02738,,
C-02739,,
C-02740,,
C-02741,GB,60+
C-02742,,
C-02743,NZ,50s
C-02744,,
C-02745,,
C-02746,,
C-02747,,
C-02748,,
C-02749,,
C-02750,NZ,50s
C-02751,,
C-02752,AU,30s
C-02753,,
C-02754,,
C-02755,,
C-02756,,
C-02757,,
C-02758,,
C-02759,,
C-02760,,
C-02761,,
C-02762,,
C-02763,,
C-02764,,
C-02765,CN,20s
C-02766,,
C-02767,GB,Under 20
C-02768,,
C-02769,,
C-02770,PH,30s
C-02771,,
C-02772,,
C-02773,,
C-02774,AU,Under 20
C-02775,AU,40s
C-02776,,
C-02777,,
C-02778,,
C-02779,,
C-02780,,
C-02781,,
C-02782,,
C-02783,,
C-02784,,
C-02785,,
C-02786,,
C-02787,,
C-02788,,
C-02789,IN,Under 20
C-02790,,
C-02791,,
C-02792,,
C-02793,,
C-02794,,
C-02795,,
C-02796,,
C-02797,,
C-02798,,
C-02799,,
C-02800,,
C-02801,,
C-02802,,
C-02803,,
C-02804,,
C-02805,AU,Under 20
C-02806,,
C-02807,,
C-02808,,
C-02809,GB,60+
C-02810,,
C-02811,,
C-02812,,
C-02813,,
C-02814,,
C-02815,,
C-02816,JP,Under 20
C-02817,,
C-02818,,
C-02819,,
C-02820,,
C-02821,PH,Under 20
C-02822,CN,60+
C-02823,,
C-02824,,
C-02825,,
C-02826,,
C-02827,,
C-02828,JP,20s
C-02829,US,40s
C-02830,,
C-02831,,
C-02832,,
C-02833,,
C-02834,,
C-02835,,
C-02836,IN,Under 20
C-02837,,
C-02838,,
C-02839,CA,40s
C-02840,,
C-02841,,
C-02842,,
C-02843,,
C-02844,,
C-02845,IN,60+
C-02846,,
C-02847,,
C-02848,,
C-02849,US,Under 20
C-02850,KR,Under 20
C-02851,,
C-02852,,
C-02853,,
C-02854,,
C-02855,,
C-02856,,
C-02857,,
C-02858,,
C-02859,,
C-02860,,
C-02861,KR,20s
C-02862,,
C-02863,,
C-02864,,
C-02865,,
C-02866,,
C-02867,,
C-02868,,
C-02869,SG,50s
C-02870,,
C-02871,,
C-02872,,
C-02873,US,20s
C-02874,,
C-02875,,
C-02876,,
C-02877,,
C-02878,,
C-02879,,
C-02880,US,50s
C-02881,,
C-02882,,
C-02883,,
C-02884,US,60+
C-02885,US,Under 20
C-02886,,
C-02887,AU,50s
C-02888,,
C-02889,,
C-02890,,
C-02891,,
C-02892,,
C-02893,,
C-02894,,
C-02895,,
C-02896,,
C-02897,,
C-02898,,
C-02899,,
C-02900,,
C-02901,,
C-02902,,
C-02903,,
C-02904,KR,Under 20
C-02905,,
C-02906,,
C-02907,,
C-02908,,
C-02909,,
C-02910,,
C-02911,CN,20s
C-02912,,
C-02913,,
C-02914,,
C-02915,,
C-02916,,
C-02917,PH,20s
C-02918,,
C-02919,,
C-02920,,
C-02921,US,60+
C-02922,,
C-02923,,
C-02924,,
C-02925,,
C-02926,,
C-02927,,
C-02928,,
C-02929,,
C-02930,,
C-02931,SG,50s
C-02932,,
C-02933,,
C-02934,,
C-02935,,
C-02936,,
C-02937,,
C-02938,NZ,50s
C-02939,,
C-02940,,
C-02941,,
C-02942,,
C-02943,,
C-02944,,
C-02945,,
C-02946,,
C-02947,,
C-02948,,
C-02949,,
C-02950,,
C-02951,,
C-02952,,
C-02953,,
C-02954,,
C-02955,,
C-02956,,
C-02957,,
C-02958,,
C-02959,,
C-02960,,
C-02961,,
C-02962,,
C-02963,,
C-02964,,
C-02965,,
C-02966,,
C-02967,,
C-02968,,
C-02969,,
C-02970,,
C-02971,,
C-02972,,
C-02973,,
C-02974,,
C-02975,,
C-02976,,
C-02977,,
C-02978,,
C-02979,,
C-02980,,
C-02981,AU,40s
C-02982,,
C-02983,,
C-02984,,
C-02985,,
C-02986,,
C-02987,,
C-02988,,
C-02989,,
C-02990,,
C-02991,,
C-02992,,
C-02993,JP,Under 20
C-02994,,
C-02995,,
C-02996,,
C-02997,,
C-02998,,
C-02999,,
C-03000,,
C-03001,,
C-03002,,
C-03003,,
C-03004,NZ,40s
C-03005,,
C-03006,,
C-03007,,
C-03008,,
C-03009,CN,50s
C-03010,,
C-03011,,
C-03012,,
C-03013,,
C-03014,,
C-03015,,
C-03016,,
C-03017,,
C-03018,,
C-03019,,
C-03020,,
C-03021,,
C-03022,,
C-03023,,
C-03024,TH,60+
C-03025,,
C-03026,,
C-03027,,
C-03028,,
C-03029,,
C-03030,,
C-03031,,
C-03032,,
C-03033,,
C-03034,,
C-03035,,
C-03036,,
C-03037,SG,50s
C-03038,,
C-03039,,
C-03040,,
C-03041,,
C-03042,IN,50s
C-03043,,
C-03044,,
C-03045,GB,40s
C-03046,,
C-03047,,
C-03048,,
C-03049,,
C-03050,,
C-03051,,
C-03052,,
C-03053,,
C-03054,,
C-03055,,
C-03056,,
C-03057,,
C-03058,,
C-03059,NZ,20s
C-03060,,
C-03061,,
C-03062,,
C-03063,,
C-03064,,
C-03065,,
C-03066,,
C-03067,,
C-03068,,
C-03069,,
C-03070,,
C-03071,,
C-03072,,
C-03073,,
C-03074,,
C-03075,,
C-03076,CA,20s
C-03077,,
C-03078,AU,50s
C-03079,,
C-03080,,
C-03081,,
C-03082,,
C-03083,,
C-03084,,
C-03085,,
C-03086,,
C-03087,,
C-03088,,
C-03089,,
C-03090,,
C-03091,,
C-03092,IN,Under 20
C-03093,,
C-03094,,
C-03095,AU,30s
C-03096,,
C-03097,,
C-03098,,
C-03099,,
C-03100,,
C-03101,,
C-03102,,
C-03103,KR,50s
C-03104,IN,Under 20
C-03105,,
C-03106,,
C-03107,,
C-03108,SG,Under 20
C-03109,,
C-03110,,
C-03111,,
C-03112,,
C-03113,,
C-03114,,
C-03115,,
C-03116,CN,20s
C-03117,,
C-03118,,
C-03119,,
C-03120,,
C-03121,,
C-03122,,
C-03123,,
C-03124,,
C-03125,,
C-03126,,
C-03127,,
C-03128,,
C-03129,,
C-03130,,
C-03131,AU,50s
C-03132,,
C-03133,,
C-03134,CN,60+
C-03135,,
C-03136,,
C-03137,,
C-03138,,
C-03139,,
C-03140,,
C-03141,,
C-03142,,
C-03143,,
C-03144,,
C-03145,,
C-03146,,
C-03147,,
C-03148,,
C-03149,,
C-03150,,
C-03151,,
C-03152,,
C-03153,AU,60+
C-03154,,
C-03155,,
C-03156,,
C-03157,,
C-03158,,
C-03159,,
C-03160,CN,40s
C-03161,,
C-03162,,
C-03163,,
C-03164,,
C-03165,,
C-03166,,
C-03167,,
C-03168,,
C-03169,CN,20s
C-03170,,
C-03171,,
C-03172,,
C-03173,,
C-03174,,
C-03175,,
C-03176,,
C-03177,,
C-03178,,
C-03179,,
C-03180,KR,Under 20
C-03181,,
C-03182,,
C-03183,,
C-03184,,
C-03185,,
C-03186,,
C-03187,AU,Under 20
C-03188,,
C-03189,,
C-03190,,
C-03191,,
C-03192,,
C-03193,,
C-03194,CN,50s
C-03195,,
C-03196,,
C-03197,,
C-03198,,
C-03199,,
C-03200,,
C-03201,,
C-03202,,
C-03203,,
C-03204,,
C-03205,,
C-03206,,
C-03207,,
C-03208,,
C-03209,,
C-03210,,
C-03211,,
C-03212,,
C-03213,,
C-03214,,
C-03215,,
C-03216,,
C-03217,,
C-03218,,
C-03219,,
C-03220,,
C-03221,,
C-03222,NZ,Under 20
C-03223,,
C-03224,,
C-03225,,
C-03226,,
C-03227,,
C-03228,,
C-03229,KR,Under 20
C-03230,,
C-03231,,
C-03232,,
C-03233,,
C-03234,,
C-03235,,
C-03236,,
C-03237,,
C-03238,,
C-03239,,
C-03240,,
C-03241,,
C-03242,,
C-03243,,
C-03244,,
C-03245,,
C-03246,,
C-03247,,
C-03248,,
C-03249,,
C-03250,,
C-03251,,
C-03252,,
C-03253,KR,20s
C-03254,,
C-03255,,
C-03256,,
C-03257,,
C-03258,,
C-03259,,
C-03260,,
C-03261,KR,40s
C-03262,,
C-03263,,
C-03264,,
C-03265,AU,50s
C-03266,,
C-03267,,
C-03268,,
C-03269,,
C-03270,,
C-03271,,
C-03272,,
C-03273,,
C-03274,,
C-03275,,
C-03276,,
C-03277,,
C-03278,,
C-03279,,
C-03280,,
C-03281,,
C-03282,,
C-03283,,
C-03284,,
C-03285,,
C-03286,,
C-03287,,
C-03288,,
C-03289,,
C-03290,,
C-03291,,
C-03292,,
C-03293,,
C-03294,,
C-03295,,
C-03296,NZ,20s
C-03297,CN,50s
C-03298,,
C-03299,,
C-03300,,
C-03301,,
C-03302,,
C-03303,,
C-03304,,
C-03305,,
C-03306,,
C-03307,KR,50s
C-03308,,
C-03309,SG,60+
C-03310,,
C-03311,,
C-03312,,
C-03313,GB,20s
C-03314,,
C-03315,,
C-03316,,
C-03317,,
C-03318,,
C-03319,,
C-03320,,
C-03321,,
C-03322,,
C-03323,,
C-03324,,
C-03325,,
C-03326,KR,50s
C-03327,,
C-03328,,
C-03329,,
C-03330,,
C-03331,,
C-03332,AU,60+
C-03333,,
C-03334,,
C-03335,,
C-03336,US,50s
C-03337,,
C-03338,,
C-03339,,
C-03340,,
C-03341,,
C-03342,,
C-03343,,
C-03344,,
C-03345,,
C-03346,,
C-03347,,
C-03348,,
C-03349,,
C-03350,,
C-03351,,
C-03352,,
C-03353,,
C-03354,,
C-03355,,
C-03356,,
C-03357,,
C-03358,,
C-03359,,
C-03360,,
C-03361,,
C-03362,,
C-03363,,
C-03364,,
C-03365,,
C-03366,,
C-03367,,
C-03368,AU,20s
C-03369,,
C-03370,,
C-03371,CN,30s
C-03372,AU,40s
C-03373,,
C-03374,,
C-03375,,
C-03376,,
C-03377,,
C-03378,JP,20s
C-03379,,
C-03380,,
C-03381,,
C-03382,,
C-03383,,
C-03384,,
C-03385,KR,50s
C-03386,,
C-03387,,
C-03388,,
C-03389,,
C-03390,,
C-03391,,
C-03392,CN,40s
C-03393,,
C-03394,,
C-03395,,
C-03396,,
C-03397,,
C-03398,AU,30s
C-03399,,
C-03400,,
C-03401,,
C-03402,,
C-03403,,
C-03404,,
C-03405,,
C-03406,,
C-03407,,
C-03408,CN,50s
C-03409,AU,30s
C-03410,,
C-03411,GB,30s
C-03412,,
C-03413,,
C-03414,,
C-03415,,
C-03416,,
C-03417,,
C-03418,,
C-03419,,
C-03420,,
C-03421,,
C-03422,,
C-03423,,
C-03424,AU,Under 20
C-03425,,
C-03426,,
C-03427,,
C-03428,,
C-03429,,
C-03430,,
C-03431,,
C-03432,,
C-03433,,
C-03434,,
C-03435,,
C-03436,,
C-03437,,
C-03438,,
C-03439,,
C-03440,,
C-03441,,
C-03442,,
C-03443,,
C-03444,,
C-03445,,
C-03446,,
C-03447,,
C-03448,,
C-03449,,
C-03450,,
C-03451,,
C-03452,,
C-03453,,
C-03454,,
C-03455,,
C-03456,,
C-03457,AU,60+
C-03458,,
C-03459,PH,Under 20
C-03460,,
C-03461,,
C-03462,,
C-03463,,
C-03464,,
C-03465,,
C-03466,,
C-03467,,
C-03468,,
C-03469,,
C-03470,,
C-03471,,
C-03472,GB,40s
C-03473,,
C-03474,,
C-03475,,
C-03476,,
C-03477,,
C-03478,,
C-03479,,
C-03480,,
C-03481,,
C-03482,,
C-03483,CN,50s
C-03484,NZ,30s
C-03485,,
C-03486,,
C-03487,,
C-03488,,
C-03489,,
C-03490,,
C-03491,,
C-03492,,
C-03493,,
C-03494,,
C-03495,,
C-03496,,
C-03497,,
C-03498,,
C-03499,,
C-03500,,
C-03501,,
C-03502,,
C-03503,,
C-03504,,
C-03505,,
C-03506,,
C-03507,,
C-03508,,
C-03509,US,20s
C-03510,,
C-03511,,
C-03512,,
C-03513,,
C-03514,,
C-03515,,
C-03516,,
C-03517,,
C-03518,,
C-03519,,
C-03520,JP,40s
C-03521,,
C-03522,IN,30s
C-03523,,
C-03524,,
C-03525,,
C-03526,,
C-03527,CN,60+
C-03528,,
C-03529,,
C-03530,,
C-03531,,
C-03532,,
C-03533,,
C-03534,,
C-03535,,
C-03536,,
C-03537,,
C-03538,,
C-03539,,
C-03540,,
C-03541,,
C-03542,,
C-03543,,
C-03544,,
C-03545,,
C-03546,,
C-03547,,
C-03548,,
C-03549,CN,20s
C-03550,,
C-03551,,
C-03552,,
C-03553,,
C-03554,,
C-03555,,
C-03556,,
C-03557,,
C-03558,,
C-03559,,
C-03560,,
C-03561,,
C-03562,,
C-03563,CN,30s
C-03564,,
C-03565,,
C-03566,CN,Under 20
C-03567,SG,40s
C-03568,,
C-03569,NZ,Under 20
C-03570,KR,Under 20
C-03571,,
C-03572,,
C-03573,,
C-03574,,
C-03575,,
C-03576,,
C-03577,,
C-03578,,
C-03579,KR,30s
C-03580,,
C-03581,,
C-03582,,
C-03583,,
C-03584,,
C-03585,,
C-03586,,
C-03587,,
C-03588,,
C-03589,,
C-03590,,
C-03591,,
C-03592,,
C-03593,,
C-03594,,
C-03595,,
C-03596,,
C-03597,,
C-03598,CN,40s
C-03599,,
C-03600,,
C-03601,JP,20s
C-03602,,
C-03603,,
C-03604,SG,40s
C-03605,,
C-03606,,
C-03607,,
C-03608,,
C-03609,,
C-03610,,
C-03611,,
C-03612,,
C-03613,,
C-03614,,
C-03615,,
C-03616,,
C-03617,,
C-03618,,
C-03619,KR,50s
C-03620,,
C-03621,,
C-03622,,
C-03623,,
C-03624,,
C-03625,,
C-03626,,
C-03627,,
C-03628,,
C-03629,,
C-03630,,
C-03631,,
C-03632,,
C-03633,,
C-03634,,
C-03635,,
C-03636,AU,50s
C-03637,TH,30s
C-03638,,
C-03639,,
C-03640,,
C-03641,,
C-03642,,
C-03643,,
C-03644,,
C-03645,,
C-03646,,
C-03647,,
C-03648,,
C-03649,,
C-03650,,
C-03651,,
C-03652,,
C-03653,JP,Under 20
C-03654,,
C-03655,,
C-03656,,
C-03657,,
C-03658,,
C-03659,TH,60+
C-03660,,
C-03661,,
C-03662,,
C-03663,,
C-03664,US,Under 20
C-03665,,
C-03666,,
C-03667,,
C-03668,,
C-03669,,
C-03670,,
C-03671,,
C-03672,SG,50s
C-03673,US,30s
C-03674,,
C-03675,,
C-03676,,
C-03677,,
C-03678,KR,30s
C-03679,JP,50s
C-03680,JP,Under 20
C-03681,,
C-03682,,
C-03683,,
C-03684,,
C-03685,,
C-03686,,
C-03687,,
C-03688,,
C-03689,,
C-03690,,
C-03691,,
C-03692,,
C-03693,NZ,20s
C-03694,,
C-03695,,
C-03696,CN,50s
C-03697,,
C-03698,,
C-03699,,
C-03700,,
C-03701,,
C-03702,,
C-03703,,
C-03704,,
C-03705,,
C-03706,,
C-03707,,
C-03708,,
C-03709,,
C-03710,,
C-03711,,
C-03712,,
C-03713,,
C-03714,,
C-03715,,
C-03716,,
C-03717,,
C-03718,CN,30s
C-03719,,
C-03720,,
C-03721,,
C-03722,,
C-03723,,
C-03724,,
C-03725,,
C-03726,,
C-03727,,
C-03728,,
C-03729,,
C-03730,TH,40s
C-03731,,
C-03732,,
C-03733,,
C-03734,,
C-03735,,
C-03736,,
C-03737,,
C-03738,KR,Under 20
C-03739,,
C-03740,PH,20s
C-03741,CN,Under 20
C-03742,,
C-03743,,
C-03744,,
C-03745,,
C-03746,,
C-03747,,
C-03748,,
C-03749,,
C-03750,SG,20s
C-03751,,
C-03752,,
C-03753,,
C-03754,,
C-03755,,
C-03756,,
C-03757,,
C-03758,,
C-03759,,
C-03760,,
C-03761,KR,50s
C-03762,AU,30s
C-03763,CN,50s
C-03764,IN,50s
C-03765,,
C-03766,,
C-03767,,
C-03768,,
C-03769,,
C-03770,,
C-03771,,
C-03772,,
C-03773,,
C-03774,,
C-03775,,
C-03776,,
C-03777,,
C-03778,JP,50s
C-03779,,
C-03780,,
C-03781,,
C-03782,,
C-03783,,
C-03784,,
C-03785,,
C-03786,,
C-03787,,
C-03788,,
C-03789,,
C-03790,,
C-03791,,
C-03792,,
C-03793,,
C-03794,,
C-03795,,
C-03796,,
C-03797,,
C-03798,,
C-03799,,
C-03800,,
C-03801,,
C-03802,,
C-03803,,
C-03804,,
C-03805,,
C-03806,,
C-03807,,
C-03808,,
C-03809,,
C-03810,JP,60+
C-03811,,
C-03812,,
C-03813,,
C-03814,,
C-03815,,
C-03816,US,20s
C-03817,,
C-03818,,
C-03819,,
C-03820,,
C-03821,,
C-03822,NZ,20s
C-03823,,
C-03824,,
C-03825,,
C-03826,,
C-03827,,
C-03828,,
C-03829,,
C-03830,,
C-03831,,
C-03832,,
C-03833,,
C-03834,,
C-03835,AU,30s
C-03836,,
C-03837,,
C-03838,,
C-03839,,
C-03840,,
C-03841,,
C-03842,,
C-03843,,
C-03844,JP,40s
C-03845,GB,30s
C-03846,,
C-03847,,
C-03848,,
C-03849,,
C-03850,IN,40s
C-03851,,
C-03852,,
C-03853,,
C-03854,US,40s
C-03855,,
C-03856,,
C-03857,,
C-03858,,
C-03859,,
C-03860,,
C-03861,,
C-03862,,
C-03863,,
C-03864,,
C-03865,,
C-03866,,
C-03867,,
C-03868,,
C-03869,,
C-03870,,
C-03871,,
C-03872,,
C-03873,,
C-03874,,
C-03875,,
C-03876,,
C-03877,US,30s
C-03878,,
C-03879,,
C-03880,,
C-03881,CN,30s
C-03882,,
C-03883,,
C-03884,,
C-03885,,
C-03886,JP,20s
C-03887,,
C-03888,,
C-03889,,
C-03890,IN,20s
C-03891,,
C-03892,,
C-03893,,
C-03894,,
C-03895,IN,Under 20
C-03896,,
C-03897,,
C-03898,,
C-03899,,
C-03900,,
C-03901,,
C-03902,,
C-03903,,
C-03904,,
C-03905,,
C-03906,,
C-03907,,
C-03908,,
C-03909,,
C-03910,,
C-03911,,
C-03912,CN,60+
C-03913,,
C-03914,KR,Under 20
C-03915,KR,60+
C-03916,,
C-03917,,
C-03918,,
C-03919,PH,60+
C-03920,,
C-03921,,
C-03922,,
C-03923,,
C-03924,,
C-03925,,
C-03926,,
C-03927,CN,40s
C-03928,,
C-03929,,
C-03930,SG,30s
C-03931,,
C-03932,,
C-03933,,
C-03934,,
C-03935,,
C-03936,,
C-03937,,
C-03938,,
C-03939,,
C-03940,,
C-03941,,
C-03942,,
C-03943,,
C-03944,,
C-03945,GB,30s
C-03946,,
C-03947,,
C-03948,,
C-03949,,
C-03950,,
C-03951,,
C-03952,,
C-03953,,
C-03954,,
C-03955,,
C-03956,,
C-03957,,
C-03958,,
C-03959,,
C-03960,,
C-03961,,
C-03962,,
C-03963,,
C-03964,,
C-03965,,
C-03966,,
C-03967,,
C-03968,,
C-03969,,
C-03970,,
C-03971,,
C-03972,,
C-03973,,
C-03974,,
C-03975,,
C-03976,GB,60+
C-03977,CN,20s
C-03978,,
C-03979,,
C-03980,,
C-03981,,
C-03982,,
C-03983,,
C-03984,,
C-03985,,
C-03986,,
C-03987,,
C-03988,,
C-03989,CN,50s
C-03990,,
C-03991,,
C-03992,,
C-03993,,
C-03994,,
C-03995,AU,40s
C-03996,,
C-03997,,
C-03998,,
C-03999,,
C-04000,,
C-04001,,
C-04002,,
C-04003,,
C-04004,,
C-04005,,
C-04006,,
C-04007,,
C-04008,,
C-04009,,
C-04010,,
C-04011,,
C-04012,,
C-04013,,
C-04014,,
C-04015,,
C-04016,,
C-04017,,
C-04018,,
C-04019,,
C-04020,,
C-04021,,
C-04022,,
C-04023,,
C-04024,,
C-04025,,
C-04026,,
C-04027,,
C-04028,,
C-04029,,
C-04030,,
C-04031,AU,40s
C-04032,,
C-04033,TH,50s
C-04034,,
C-04035,,
C-04036,NZ,60+
C-04037,,
C-04038,,
C-04039,,
C-04040,,
C-04041,,
C-04042,,
C-04043,,
C-04044,,
C-04045,,
C-04046,,
C-04047,,
C-04048,,
C-04049,,
C-04050,GB,20s
C-04051,,
C-04052,,
C-04053,,
C-04054,,
C-04055,,
C-04056,,
C-04057,,
C-04058,,
C-04059,,
C-04060,,
C-04061,,
C-04062,,
C-04063,,
C-04064,,
C-04065,,
C-04066,,
C-04067,AU,40s
C-04068,,
C-04069,IN,60+
C-04070,,
C-04071,,
C-04072,,
C-04073,,
C-04074,,
C-04075,,
C-04076,,
C-04077,,
C-04078,,
C-04079,,
C-04080,,
C-04081,,
C-04082,,
C-04083,,
C-04084,,
C-04085,,
C-04086,,
C-04087,,
C-04088,CN,20s
C-04089,JP,Under 20
C-04090,,
C-04091,,
C-04092,,
C-04093,CA,20s
C-04094,,
C-04095,,
C-04096,,
C-04097,,
C-04098,,
C-04099,CA,30s
C-04100,,
C-04101,,
C-04102,,
C-04103,CN,60+
C-04104,,
C-04105,,
C-04106,GB,50s
C-04107,,
C-04108,,
C-04109,US,20s
C-04110,,
C-04111,,
C-04112,,
C-04113,,
C-04114,,
C-04115,,
C-04116,,
C-04117,,
C-04118,,
C-04119,JP,30s
C-04120,,
C-04121,,
C-04122,US,50s
C-04123,US,Under 20
C-04124,,
C-04125,,
C-04126,,
C-04127,,
C-04128,,
C-04129,,
C-04130,IN,60+
C-04131,,
C-04132,IN,50s
C-04133,,
C-04134,,
C-04135,,
C-04136,,
C-04137,,
C-04138,,
C-04139,,
C-04140,,
C-04141,GB,50s
C-04142,,
C-04143,,
C-04144,,
C-04145,,
C-04146,,
C-04147,,
C-04148,,
C-04149,US,Under 20
C-04150,,
C-04151,,
C-04152,,
C-04153,,
C-04154,NZ,60+
C-04155,,
C-04156,,
C-04157,,
C-04158,,
C-04159,CN,50s
C-04160,,
C-04161,IN,30s
C-04162,,
C-04163,,
C-04164,,
C-04165,,
C-04166,,
C-04167,,
C-04168,,
C-04169,,
C-04170,,
C-04171,CN,20s
C-04172,,
C-04173,,
C-04174,,
C-04175,,
C-04176,,
C-04177,,
C-04178,,
C-04179,,
C-04180,,
C-04181,,
C-04182,,
C-04183,,
C-04184,,
C-04185,,
C-04186,,
C-04187,,
C-04188,,
C-04189,,
C-04190,,
C-04191,TH,60+
C-04192,,
C-04193,,
C-04194,,
C-04195,,
C-04196,JP,30s
C-04197,,
C-04198,,
C-04199,US,40s
C-04200,,
C-04201,,
C-04202,,
C-04203,,
C-04204,,
C-04205,,
C-04206,,
C-04207,CN,Under 20
C-04208,,
C-04209,US,50s
C-04210,,
C-04211,,
C-04212,,
C-04213,,
C-04214,,
C-04215,,
C-04216,,
C-04217,TH,50s
C-04218,,
C-04219,,
C-04220,,
C-04221,,
C-04222,,
C-04223,,
C-04224,SG,60+
C-04225,,
C-04226,,
C-04227,,
C-04228,,
C-04229,JP,60+
C-04230,,
C-04231,,
C-04232,,
C-04233,,
C-04234,,
C-04235,,
C-04236,,
C-04237,,
C-04238,,
C-04239,CN,30s
C-04240,SG,50s
C-04241,,
C-04242,,
C-04243,,
C-04244,,
C-04245,,
C-04246,,
C-04247,,
C-04248,,
C-04249,KR,30s
C-04250,,
C-04251,AU,60+
C-04252,NZ,Under 20
C-04253,,
C-04254,,
C-04255,,
C-04256,,
C-04257,,
C-04258,,
C-04259,,
C-04260,,
C-04261,,
C-04262,,
C-04263,,
C-04264,,
C-04265,,
C-04266,,
C-04267,,
C-04268,,
C-04269,,
C-04270,,
C-04271,,
C-04272,,
C-04273,,
C-04274,,
C-04275,,
C-04276,,
C-04277,,
C-04278,,
C-04279,,
C-04280,,
C-04281,,
C-04282,,
C-04283,,
C-04284,,
C-04285,,
C-04286,,
C-04287,US,30s
C-04288,,
C-04289,,
C-04290,,
C-04291,,
C-04292,,
C-04293,,
C-04294,,
C-04295,,
C-04296,GB,Under 20
C-04297,,
C-04298,,
C-04299,,
C-04300,,
C-04301,,
C-04302,,
C-04303,,
C-04304,,
C-04305,,
C-04306,,
C-04307,,
C-04308,,
C-04309,,
C-04310,,
C-04311,,
C-04312,,
C-04313,,
C-04314,SG,50s
C-04315,,
C-04316,KR,30s
C-04317,,
C-04318,,
C-04319,,
C-04320,,
C-04321,AU,50s
C-04322,,
C-04323,,
C-04324,,
C-04325,,
C-04326,JP,50s
C-04327,,
C-04328,,
C-04329,CN,20s
C-04330,,
C-04331,,
C-04332,,
C-04333,,
C-04334,,
C-04335,,
C-04336,,
C-04337,,
C-04338,,
C-04339,,
C-04340,,
C-04341,,
C-04342,,
C-04343,,
C-04344,,
C-04345,,
C-04346,,
C-04347,,
C-04348,,
C-04349,CA,Under 20
C-04350,GB,30s
C-04351,CN,Under 20
C-04352,,
C-04353,,
C-04354,,
C-04355,,
C-04356,,
C-04357,,
C-04358,,
C-04359,,
C-04360,,
C-04361,,
C-04362,,
C-04363,,
C-04364,,
C-04365,,
C-04366,,
C-04367,,
C-04368,,
C-04369,AU,60+
C-04370,,
C-04371,,
C-04372,,
C-04373,,
C-04374,,
C-04375,,
C-04376,,
C-04377,,
C-04378,,
C-04379,,
C-04380,,
C-04381,,
C-04382,,
C-04383,,
C-04384,,
C-04385,,
C-04386,,
C-04387,US,60+
C-04388,,
C-04389,,
C-04390,,
C-04391,,
C-04392,,
C-04393,,
C-04394,,
C-04395,,
C-04396,US,60+
C-04397,IN,50s
C-04398,,
C-04399,,
C-04400,,
C-04401,,
C-04402,CA,Under 20
C-04403,,
C-04404,,
C-04405,,
C-04406,,
C-04407,,
C-04408,,
C-04409,,
C-04410,,
C-04411,,
C-04412,,
C-04413,US,40s
C-04414,,
C-04415,,
C-04416,,
C-04417,,
C-04418,,
C-04419,,
C-04420,,
C-04421,,
C-04422,,
C-04423,,
C-04424,,
C-04425,,
C-04426,,
C-04427,,
C-04428,,
C-04429,,
C-04430,,
C-04431,US,20s
C-04432,,
C-04433,,
C-04434,,
C-04435,,
C-04436,,
C-04437,,
C-04438,AU,20s
C-04439,,
C-04440,,
C-04441,,
C-04442,,
C-04443,,
C-04444,,
C-04445,,
C-04446,,
C-04447,,
C-04448,TH,20s
C-04449,,
C-04450,,
C-04451,,
C-04452,,
C-04453,,
C-04454,,
C-04455,,
C-04456,,
C-04457,,
C-04458,,
C-04459,,
C-04460,CN,Under 20
C-04461,US,40s
C-04462,,
C-04463,,
C-04464,,
C-04465,,
C-04466,,
C-04467,,
C-04468,,
C-04469,,
C-04470,,
C-04471,SG,40s
C-04472,,
C-04473,,
C-04474,,
C-04475,,
C-04476,GB,30s
C-04477,,
C-04478,,
C-04479,,
C-04480,,
C-04481,,
C-04482,,
C-04483,KR,40s
C-04484,,
C-04485,,
C-04486,,
C-04487,,
C-04488,,
C-04489,,
C-04490,,
C-04491,,
C-04492,,
C-04493,AU,Under 20
C-04494,AU,Under 20
C-04495,,
C-04496,,
C-04497,,
C-04498,,
C-04499,KR,Under 20
C-04500,,
C-04501,,
C-04502,,
C-04503,,
C-04504,,
C-04505,,
C-04506,PH,20s
C-04507,,
C-04508,,
C-04509,,
C-04510,,
C-04511,,
C-04512,CN,30s
C-04513,,
C-04514,,
C-04515,,
C-04516,,
C-04517,,
C-04518,,
C-04519,,
C-04520,,
C-04521,,
C-04522,,
C-04523,JP,40s
C-04524,,
C-04525,,
C-04526,,
C-04527,,
C-04528,,
C-04529,TH,20s
C-04530,,
C-04531,,
C-04532,,
C-04533,,
C-04534,,
C-04535,,
C-04536,,
C-04537,,
C-04538,,
C-04539,AU,50s
C-04540,,
C-04541,,
C-04542,US,60+
C-04543,,
C-04544,,
C-04545,,
C-04546,,
C-04547,,
C-04548,,
C-04549,,
C-04550,,
C-04551,,
C-04552,,
C-04553,,
C-04554,,
C-04555,,
C-04556,,
C-04557,,
C-04558,SG,40s
C-04559,GB,30s
C-04560,,
C-04561,,
C-04562,TH,60+
C-04563,GB,30s
C-04564,US,30s
C-04565,,
C-04566,,
C-04567,NZ,20s
C-04568,,
C-04569,,
C-04570,IN,40s
C-04571,KR,60+
C-04572,,
C-04573,AU,50s
C-04574,,
C-04575,,
C-04576,,
C-04577,,
C-04578,,
C-04579,,
C-04580,,
C-04581,,
C-04582,NZ,30s
C-04583,,
C-04584,AU,60+
C-04585,,
C-04586,,
C-04587,,
C-04588,,
C-04589,,
C-04590,,
C-04591,,
C-04592,CN,60+
C-04593,CA,50s
C-04594,IN,20s
C-04595,KR,30s
C-04596,,
C-04597,KR,50s
C-04598,JP,Under 20
C-04599,,
C-04600,,
C-04601,,
C-04602,,
C-04603,,
C-04604,,
C-04605,,
C-04606,,
C-04607,,
C-04608,,
C-04609,,
C-04610,,
C-04611,,
C-04612,,
C-04613,,
C-04614,,
C-04615,,
C-04616,CN,40s
C-04617,,
C-04618,,
C-04619,,
C-04620,,
C-04621,,
C-04622,,
C-04623,,
C-04624,,
C-04625,,
C-04626,,
C-04627,,
C-04628,AU,Under 20
C-04629,,
C-04630,,
C-04631,,
C-04632,,
C-04633,,
C-04634,,
C-04635,CN,30s
C-04636,,
C-04637,,
C-04638,,
C-04639,,
C-04640,CN,40s
C-04641,,
C-04642,JP,30s
C-04643,,
C-04644,CN,Under 20
C-04645,,
C-04646,,
C-04647,,
C-04648,,
C-04649,,
C-04650,,
C-04651,,
C-04652,,
C-04653,,
C-04654,AU,20s
C-04655,,
C-04656,,
C-04657,,
C-04658,,
C-04659,,
C-04660,KR,30s
C-04661,,
C-04662,,
C-04663,,
C-04664,,
C-04665,,
C-04666,AU,50s
C-04667,,
C-04668,,
C-04669,,
C-04670,CA,60+
C-04671,,
C-04672,,
C-04673,,
C-04674,,
C-04675,,
C-04676,,
C-04677,CN,20s
C-04678,,
C-04679,,
C-04680,,
C-04681,,
C-04682,,
C-04683,,
C-04684,,
C-04685,,
C-04686,,
C-04687,,
C-04688,,
C-04689,,
C-04690,,
C-04691,,
C-04692,,
C-04693,,
C-04694,IN,Under 20
C-04695,,
C-04696,US,40s
C-04697,,
C-04698,,
C-04699,,
C-04700,,
C-04701,,
C-04702,,
C-04703,,
C-04704,,
C-04705,,
C-04706,,
C-04707,PH,40s
C-04708,,
C-04709,,
C-04710,,
C-04711,,
C-04712,US,20s
C-04713,,
C-04714,,
C-04715,,
C-04716,,
C-04717,,
C-04718,,
C-04719,,
C-04720,,
C-04721,TH,60+
C-04722,,
C-04723,GB,40s
C-04724,,
C-04725,,
C-04726,US,Under 20
C-04727,,
C-04728,IN,20s
C-04729,,
C-04730,,
C-04731,,
C-04732,US,30s
C-04733,,
C-04734,,
C-04735,,
C-04736,,
C-04737,,
C-04738,,
C-04739,,
C-04740,,
C-04741,,
C-04742,,
C-04743,,
C-04744,,
C-04745,KR,40s
C-04746,,
C-04747,,
C-04748,US,30s
C-04749,,
C-04750,,
C-04751,,
C-04752,,
C-04753,,
C-04754,,
C-04755,,
C-04756,,
C-04757,,
C-04758,,
C-04759,,
C-04760,NZ,40s
C-04761,,
C-04762,,
C-04763,,
C-04764,,
C-04765,IN,20s
C-04766,,
C-04767,,
C-04768,,
C-04769,,
C-04770,,
C-04771,,
C-04772,,
C-04773,,
C-04774,,
C-04775,,
C-04776,,
C-04777,,
C-04778,,
C-04779,,
C-04780,NZ,40s
C-04781,,
C-04782,,
C-04783,IN,60+
C-04784,,
C-04785,,
C-04786,,
C-04787,,
C-04788,,
C-04789,,
C-04790,,
C-04791,,
C-04792,,
C-04793,,
C-04794,NZ,20s
C-04795,,
C-04796,,
C-04797,CN,60+
C-04798,,
C-04799,,
C-04800,,
C-04801,,
C-04802,US,60+
C-04803,,
C-04804,,
C-04805,,
C-04806,,
C-04807,,
C-04808,,
C-04809,PH,20s
C-04810,,
C-04811,,
C-04812,,
C-04813,,
C-04814,,
C-04815,,
C-04816,,
C-04817,,
C-04818,,
C-04819,,
C-04820,,
C-04821,,
C-04822,,
C-04823,,
C-04824,,
C-04825,,
C-04826,,
C-04827,,
C-04828,,
C-04829,,
C-04830,,
C-04831,,
C-04832,,
C-04833,,
C-04834,,
C-04835,,
C-04836,,
C-04837,,
C-04838,,
C-04839,,
C-04840,,
C-04841,TH,50s
C-04842,CN,20s
C-04843,,
C-04844,,
C-04845,,
C-04846,,
C-04847,,
C-04848,,
C-04849,,
C-04850,,
C-04851,AU,40s
C-04852,,
C-04853,,
C-04854,,
C-04855,,
C-04856,,
C-04857,,
C-04858,,
C-04859,,
C-04860,,
C-04861,,
C-04862,,
C-04863,,
C-04864,,
C-04865,,
C-04866,,
C-04867,,
C-04868,,
C-04869,,
C-04870,US,Under 20
C-04871,,
C-04872,,
C-04873,,
C-04874,,
C-04875,,
C-04876,,
C-04877,AU,60+
C-04878,,
C-04879,,
C-04880,,
C-04881,,
C-04882,,
C-04883,PH,60+
C-04884,,
C-04885,GB,20s
C-04886,,
C-04887,,
C-04888,,
C-04889,KR,40s
C-04890,,
C-04891,,
C-04892,,
C-04893,,
C-04894,,
C-04895,,
C-04896,,
C-04897,,
C-04898,IN,40s
C-04899,,
C-04900,,
C-04901,,
C-04902,,
C-04903,,
C-04904,,
C-04905,,
C-04906,,
C-04907,,
C-04908,,
C-04909,,
C-04910,,
C-04911,,
C-04912,,
C-04913,,
C-04914,,
C-04915,,
C-04916,,
C-04917,KR,30s
C-04918,,
C-04919,,
C-04920,,
C-04921,,
C-04922,,
C-04923,,
C-04924,,
C-04925,,
C-04926,JP,50s
C-04927,,
C-04928,,
C-04929,,
C-04930,AU,30s
C-04931,,
C-04932,,
C-04933,,
C-04934,KR,30s
C-04935,,
C-04936,,
C-04937,,
C-04938,,
C-04939,CN,Under 20
C-04940,,
C-04941,,
C-04942,,
C-04943,,
C-04944,,
C-04945,,
C-04946,,
C-04947,,
C-04948,,
C-04949,,
C-04950,CN,50s
C-04951,CN,60+
C-04952,,
C-04953,,
C-04954,,
C-04955,,
C-04956,,
C-04957,,
C-04958,,
C-04959,,
C-04960,,
C-04961,,
C-04962,,
C-04963,,
C-04964,IN,50s
C-04965,,
C-04966,,
C-04967,,
C-04968,,
C-04969,,
C-04970,,
C-04971,,
C-04972,,
C-04973,,
C-04974,,
C-04975,,
C-04976,,
C-04977,,
C-04978,,
C-04979,,
C-04980,,
C-04981,,
C-04982,,
C-04983,,
C-04984,,
C-04985,,
C-04986,,
C-04987,,
C-04988,,
C-04989,,
C-04990,,
C-04991,,
C-04992,,
C-04993,,
C-04994,CN,Under 20
C-04995,,
C-04996,,
C-04997,,
C-04998,,
C-04999,,
C-05000,,
C-05001,,
C-05002,,
C-05003,,
C-05004,JP,20s
C-05005,IN,60+
C-05006,,
C-05007,CN,Under 20
C-05008,,
C-05009,,
C-05010,AU,40s
C-05011,,
C-05012,AU,60+
C-05013,,
C-05014,AU,30s
C-05015,CN,Under 20
C-05016,,
C-05017,,
C-05018,,
C-05019,,
C-05020,,
C-05021,,
C-05022,,
C-05023,PH,30s
C-05024,,
C-05025,,
C-05026,,
C-05027,,
C-05028,,
C-05029,,
C-05030,,
C-05031,GB,Under 20
C-05032,,
C-05033,,
C-05034,,
C-05035,,
C-05036,,
C-05037,IN,20s
C-05038,,
C-05039,,
C-05040,,
C-05041,,
C-05042,,
C-05043,,
C-05044,PH,40s
C-05045,,
C-05046,,
C-05047,,
C-05048,,
C-05049,,
C-05050,,
C-05051,,
C-05052,,
C-05053,,
C-05054,,
C-05055,,
C-05056,US,40s
C-05057,,
C-05058,,
C-05059,,
C-05060,,
C-05061,,
C-05062,,
C-05063,,
C-05064,,
C-05065,,
C-05066,PH,40s
C-05067,,
C-05068,,
C-05069,KR,60+
C-05070,US,60+
C-05071,,
C-05072,NZ,60+
C-05073,,
C-05074,SG,20s
C-05075,TH,30s
C-05076,,
C-05077,,
C-05078,,
C-05079,,
C-05080,,
C-05081,,
C-05082,,
C-05083,,
C-05084,,
C-05085,,
C-05086,,
C-05087,,
C-05088,,
C-05089,,
C-05090,,
C-05091,,
C-05092,,
C-05093,,
C-05094,,
C-05095,US,20s
C-05096,,
C-05097,,
C-05098,AU,Under 20
C-05099,,
C-05100,CN,50s
C-05101,,
C-05102,,
C-05103,,
C-05104,AU,50s
C-05105,,
C-05106,,
C-05107,,
C-05108,,
C-05109,,
C-05110,,
C-05111,,
C-05112,,
C-05113,,
C-05114,,
C-05115,US,Under 20
C-05116,,
C-05117,,
C-05118,,
C-05119,,
C-05120,GB,30s
C-05121,,
C-05122,,
C-05123,,
C-05124,,
C-05125,,
C-05126,,
C-05127,,
C-05128,,
C-05129,,
C-05130,,
C-05131,,
C-05132,,
C-05133,,
C-05134,CN,50s
C-05135,,
C-05136,,
C-05137,,
C-05138,,
C-05139,,
C-05140,AU,30s
C-05141,,
C-05142,,
C-05143,CA,30s
C-05144,,
C-05145,,
C-05146,,
C-05147,,
C-05148,CN,20s
C-05149,,
C-05150,,
C-05151,,
C-05152,CN,30s
C-05153,,
C-05154,,
C-05155,KR,40s
C-05156,,
C-05157,,
C-05158,,
C-05159,,
C-05160,,
C-05161,,
C-05162,,
C-05163,,
C-05164,,
C-05165,,
C-05166,KR,30s
C-05167,,
C-05168,,
C-05169,,
C-05170,,
C-05171,,
C-05172,,
C-05173,,
C-05174,,
C-05175,,
C-05176,PH,20s
C-05177,,
C-05178,TH,40s
C-05179,,
C-05180,,
C-05181,,
C-05182,,
C-05183,,
C-05184,,
C-05185,,
C-05186,,
C-05187,,
C-05188,,
C-05189,,
C-05190,JP,50s
C-05191,,
C-05192,,
C-05193,,
C-05194,,
C-05195,,
C-05196,,
C-05197,,
C-05198,,
C-05199,,
C-05200,IN,20s
C-05201,,
C-05202,,
C-05203,,
C-05204,,
C-05205,,
C-05206,,
C-05207,,
C-05208,,
C-05209,,
C-05210,,
C-05211,,
C-05212,,
C-05213,,
C-05214,,
C-05215,,
C-05216,,
C-05217,,
C-05218,,
C-05219,,
C-05220,,
C-05221,,
C-05222,CN,40s
C-05223,,
C-05224,,
C-05225,,
C-05226,,
C-05227,,
C-05228,,
C-05229,,
C-05230,JP,30s
C-05231,,
C-05232,,
C-05233,,
C-05234,,
C-05235,CN,20s
C-05236,JP,30s
C-05237,,
C-05238,,
C-05239,,
C-05240,,
C-05241,,
C-05242,PH,Under 20
C-05243,,
C-05244,,
C-05245,SG,30s
C-05246,,
C-05247,,
C-05248,,
C-05249,,
C-05250,,
C-05251,,
C-05252,,
C-05253,,
C-05254,KR,50s
C-05255,,
C-05256,,
C-05257,,
C-05258,,
C-05259,,
C-05260,JP,30s
C-05261,,
C-05262,,
C-05263,,
C-05264,,
C-05265,,
C-05266,,
C-05267,CN,30s
C-05268,,
C-05269,,
C-05270,,
C-05271,,
C-05272,,
C-05273,,
C-05274,,
C-05275,,
C-05276,,
C-05277,,
C-05278,,
C-05279,,
C-05280,,
C-05281,,
C-05282,,
C-05283,TH,50s
C-05284,IN,Under 20
C-05285,,
C-05286,,
C-05287,,
C-05288,,
C-05289,,
C-05290,,
C-05291,,
C-05292,,
C-05293,PH,40s
C-05294,,
C-05295,,
C-05296,,
C-05297,,
C-05298,,
C-05299,JP,20s
C-05300,,
C-05301,,
C-05302,,
C-05303,,
C-05304,,
C-05305,,
C-05306,,
C-05307,,
C-05308,,
C-05309,JP,40s
C-05310,,
C-05311,,
C-05312,,
C-05313,,
C-05314,,
C-05315,,
C-05316,,
C-05317,,
C-05318,,
C-05319,,
C-05320,,
C-05321,,
C-05322,,
C-05323,,
C-05324,AU,60+
C-05325,,
C-05326,,
C-05327,,
C-05328,CN,30s
C-05329,,
C-05330,CN,50s
C-05331,,
C-05332,,
C-05333,,
C-05334,,
C-05335,,
C-05336,,
C-05337,,
C-05338,,
C-05339,,
C-05340,,
C-05341,,
C-05342,,
C-05343,,
C-05344,,
C-05345,NZ,40s
C-05346,,
C-05347,,
C-05348,,
C-05349,,
C-05350,,
C-05351,,
C-05352,,
C-05353,,
C-05354,,
C-05355,,
C-05356,,
C-05357,,
C-05358,,
C-05359,,
C-05360,,
C-05361,,
C-05362,NZ,50s
C-05363,IN,40s
C-05364,,
C-05365,,
C-05366,,
C-05367,,
C-05368,,
C-05369,,
C-05370,,
C-05371,,
C-05372,,
C-05373,,
C-05374,,
C-05375,,
C-05376,,
C-05377,,
C-05378,,
C-05379,,
C-05380,,
C-05381,,
C-05382,,
C-05383,TH,20s
C-05384,,
C-05385,,
C-05386,,
C-05387,,
C-05388,,
C-05389,CN,30s
C-05390,,
C-05391,,
C-05392,,
C-05393,,
C-05394,,
C-05395,,
C-05396,GB,Under 20
C-05397,,
C-05398,,
C-05399,,
C-05400,,
C-05401,,
C-05402,,
C-05403,,
C-05404,,
C-05405,CN,50s
C-05406,,
C-05407,,
C-05408,,
C-05409,,
C-05410,,
C-05411,CN,20s
C-05412,,
C-05413,,
C-05414,,
C-05415,,
C-05416,,
C-05417,,
C-05418,,
C-05419,AU,20s
C-05420,,
C-05421,,
C-05422,,
C-05423,,
C-05424,,
C-05425,,
C-05426,,
C-05427,,
C-05428,,
C-05429,,
C-05430,,
C-05431,,
C-05432,,
C-05433,,
C-05434,,
C-05435,,
C-05436,,
C-05437,,
C-05438,,
C-05439,,
C-05440,CN,40s
C-05441,,
C-05442,,
C-05443,,
C-05444,,
C-05445,,
C-05446,NZ,60+
C-05447,,
C-05448,,
C-05449,IN,20s
C-05450,AU,30s
C-05451,,
C-05452,,
C-05453,,
C-05454,,
C-05455,,
C-05456,,
C-05457,,
C-05458,,
C-05459,,
C-05460,,
C-05461,,
C-05462,JP,60+
C-05463,NZ,30s
C-05464,,
C-05465,,
C-05466,,
C-05467,,
C-05468,,
C-05469,,
C-05470,,
C-05471,PH,60+
C-05472,,
C-05473,,
C-05474,,
C-05475,,
C-05476,,
C-05477,KR,40s
C-05478,,
C-05479,,
C-05480,,
C-05481,,
C-05482,,
C-05483,,
C-05484,KR,30s
C-05485,,
C-05486,,
C-05487,,
C-05488,,
C-05489,CN,20s
C-05490,,
C-05491,,
C-05492,PH,20s
C-05493,,
C-05494,,
C-05495,,
C-05496,,
C-05497,,
C-05498,,
C-05499,,
C-05500,,
C-05501,,
C-05502,,
C-05503,,
C-05504,,
C-05505,NZ,20s
C-05506,,
C-05507,,
C-05508,,
C-05509,,
C-05510,,
C-05511,,
C-05512,,
C-05513,,
C-05514,,
C-05515,,
C-05516,NZ,40s
C-05517,,
C-05518,,
C-05519,,
C-05520,,
C-05521,,
C-05522,,
C-05523,US,Under 20
C-05524,,
C-05525,,
C-05526,,
C-05527,CA,20s
C-05528,,
C-05529,,
C-05530,AU,Under 20
C-05531,,
C-05532,,
C-05533,,
C-05534,,
C-05535,,
C-05536,,
C-05537,,
C-05538,,
C-05539,,
C-05540,IN,40s
C-05541,,
C-05542,,
C-05543,,
C-05544,PH,30s
C-05545,,
C-05546,,
C-05547,,
C-05548,,
C-05549,,
C-05550,,
C-05551,,
C-05552,,
C-05553,,
C-05554,TH,30s
C-05555,,
C-05556,GB,Under 20
C-05557,,
C-05558,KR,40s
C-05559,,
C-05560,,
C-05561,,
C-05562,,
C-05563,,
C-05564,,
C-05565,,
C-05566,,
C-05567,,
C-05568,,
C-05569,,
C-05570,,
C-05571,AU,Under 20
C-05572,,
C-05573,,
C-05574,,
C-05575,US,20s
C-05576,,
C-05577,,
C-05578,,
C-05579,,
C-05580,,
C-05581,,
C-05582,,
C-05583,,
C-05584,CN,20s
C-05585,,
C-05586,,
C-05587,,
C-05588,US,20s
C-05589,,
C-05590,,
C-05591,,
C-05592,AU,60+
C-05593,,
C-05594,,
C-05595,,
C-05596,,
C-05597,,
C-05598,,
C-05599,,
C-05600,NZ,50s
C-05601,,
C-05602,,
C-05603,,
C-05604,,
C-05605,,
C-05606,,
C-05607,,
C-05608,,
C-05609,,
C-05610,CA,40s
C-05611,,
C-05612,KR,60+
C-05613,,
C-05614,,
C-05615,CN,20s
C-05616,,
C-05617,,
C-05618,,
C-05619,,
C-05620,,
C-05621,,
C-05622,,
C-05623,,
C-05624,,
C-05625,,
C-05626,,
C-05627,,
C-05628,,
C-05629,,
C-05630,,
C-05631,,
C-05632,,
C-05633,,
C-05634,,
C-05635,,
C-05636,,
C-05637,US,20s
C-05638,,
C-05639,,
C-05640,US,40s
C-05641,,
C-05642,,
C-05643,AU,30s
C-05644,,
C-05645,,
C-05646,,
C-05647,,
C-05648,AU,40s
C-05649,CN,50s
C-05650,,
C-05651,,
C-05652,,
C-05653,,
C-05654,PH,30s
C-05655,,
C-05656,,
C-05657,,
C-05658,,
C-05659,AU,40s
C-05660,,
C-05661,,
C-05662,,
C-05663,,
C-05664,,
C-05665,,
C-05666,,
C-05667,GB,50s
C-05668,KR,20s
C-05669,,
C-05670,,
C-05671,,
C-05672,,
C-05673,,
C-05674,,
C-05675,KR,30s
C-05676,,
C-05677,CN,40s
C-05678,,
C-05679,PH,40s
C-05680,,
C-05681,,
C-05682,NZ,40s
C-05683,,
C-05684,,
C-05685,,
C-05686,,
C-05687,,
C-05688,,
C-05689,,
C-05690,,
C-05691,,
C-05692,,
C-05693,,
C-05694,,
C-05695,,
C-05696,CN,Under 20
C-05697,,
C-05698,,
C-05699,NZ,40s
C-05700,,
C-05701,,
C-05702,IN,60+
C-05703,,
C-05704,,
C-05705,,
C-05706,,
C-05707,,
C-05708,,
C-05709,,
C-05710,,
C-05711,,
C-05712,,
C-05713,,
C-05714,,
C-05715,,
C-05716,,
C-05717,,
C-05718,,
C-05719,,
C-05720,,
C-05721,,
C-05722,,
C-05723,,
C-05724,,
C-05725,,
C-05726,,
C-05727,,
C-05728,,
C-05729,,
C-05730,,
C-05731,,
C-05732,,
C-05733,GB,40s
C-05734,,
C-05735,,
C-05736,TH,30s
C-05737,,
C-05738,,
C-05739,,
C-05740,,
C-05741,,
C-05742,CA,50s
C-05743,,
C-05744,,
C-05745,,
C-05746,,
C-05747,,
C-05748,AU,30s
C-05749,,
C-05750,,
C-05751,IN,Under 20
C-05752,,
C-05753,,
C-05754,NZ,20s
C-05755,,
C-05756,,
C-05757,,
C-05758,,
C-05759,,
C-05760,,
C-05761,,
C-05762,,
C-05763,,
C-05764,,
C-05765,,
C-05766,,
C-05767,,
C-05768,,
C-05769,,
C-05770,,
C-05771,,
C-05772,,
C-05773,,
C-05774,IN,40s
C-05775,AU,20s
C-05776,,
C-05777,,
C-05778,,
C-05779,,
C-05780,,
C-05781,,
C-05782,,
C-05783,,
C-05784,,
C-05785,,
C-05786,,
C-05787,,
C-05788,,
C-05789,,
C-05790,,
C-05791,,
C-05792,IN,20s
C-05793,,
C-05794,,
C-05795,,
C-05796,,
C-05797,,
C-05798,CN,50s
C-05799,,
C-05800,,
C-05801,,
C-05802,,
C-05803,GB,Under 20
C-05804,,
C-05805,CN,30s
C-05806,,
C-05807,,
C-05808,,
C-05809,,
C-05810,,
C-05811,CA,30s
C-05812,,
C-05813,,
C-05814,,
C-05815,NZ,Under 20
C-05816,,
C-05817,,
C-05818,,
C-05819,,
C-05820,,
C-05821,,
C-05822,,
C-05823,,
C-05824,,
C-05825,,
C-05826,,
C-05827,,
C-05828,,
C-05829,,
C-05830,,
C-05831,,
C-05832,,
C-05833,,
C-05834,,
C-05835,,
C-05836,,
C-05837,,
C-05838,,
C-05839,,
C-05840,,
C-05841,,
C-05842,,
C-05843,,
C-05844,,
C-05845,,
C-05846,,
C-05847,GB,20s
C-05848,,
C-05849,,
C-05850,,
C-05851,,
C-05852,,
C-05853,,
C-05854,,
C-05855,KR,50s
C-05856,,
C-05857,JP,20s
C-05858,,
C-05859,,
C-05860,,
C-05861,GB,30s
C-05862,,
C-05863,PH,Under 20
C-05864,,
C-05865,,
C-05866,GB,40s
C-05867,,
C-05868,AU,20s
C-05869,,
C-05870,,
C-05871,,
C-05872,,
C-05873,,
C-05874,,
C-05875,TH,20s
C-05876,AU,40s
C-05877,CN,30s
C-05878,,
C-05879,,
C-05880,,
C-05881,CN,50s
C-05882,,
C-05883,,
C-05884,,
C-05885,,
C-05886,AU,40s
C-05887,,
C-05888,AU,60+
C-05889,,
C-05890,,
C-05891,,
C-05892,,
C-05893,,
C-05894,,
C-05895,,
C-05896,,
C-05897,,
C-05898,,
C-05899,KR,20s
C-05900,,
C-05901,,
C-05902,,
C-05903,,
C-05904,,
C-05905,,
C-05906,,
C-05907,,
C-05908,JP,50s
C-05909,,
C-05910,,
C-05911,SG,40s
C-05912,,
C-05913,,
C-05914,,
C-05915,,
C-05916,,
C-05917,,
C-05918,,
C-05919,,
C-05920,,
C-05921,,
C-05922,AU,60+
C-05923,CN,50s
C-05924,,
C-05925,,
C-05926,,
C-05927,,
C-05928,,
C-05929,,
C-05930,,
C-05931,,
C-05932,,
C-05933,,
C-05934,,
C-05935,,
C-05936,,
C-05937,,
C-05938,,
C-05939,,
C-05940,,
C-05941,,
C-05942,,
C-05943,,
C-05944,AU,20s
C-05945,,
C-05946,,
C-05947,,
C-05948,,
C-05949,,
C-05950,,
C-05951,,
C-05952,AU,60+
C-05953,,
C-05954,TH,40s
C-05955,,
C-05956,,
C-05957,,
C-05958,,
C-05959,,
C-05960,US,20s
C-05961,,
C-05962,,
C-05963,CN,60+
C-05964,,
C-05965,KR,30s
C-05966,,
C-05967,,
C-05968,,
C-05969,,
C-05970,US,60+
C-05971,,
C-05972,,
C-05973,,
C-05974,,
C-05975,,
C-05976,,
C-05977,,
C-05978,,
C-05979,,
C-05980,,
C-05981,,
C-05982,,
C-05983,,
C-05984,CN,Under 20
C-05985,SG,20s
C-05986,,
C-05987,,
C-05988,,
C-05989,,
C-05990,TH,60+
C-05991,,
C-05992,,
C-05993,,
C-05994,,
C-05995,,
C-05996,,
C-05997,,
C-05998,SG,40s
C-05999,,
C-06000,,
C-06001,GB,40s
C-06002,,
C-06003,,
C-06004,,
C-06005,,
C-06006,,
C-06007,,
C-06008,,
C-06009,CN,Under 20
C-06010,,
C-06011,,
C-06012,,
C-06013,,
C-06014,,
C-06015,,
C-06016,,
C-06017,,
C-06018,,
C-06019,KR,Under 20
C-06020,,
C-06021,,
C-06022,,
C-06023,,
C-06024,,
C-06025,,
C-06026,CN,30s
C-06027,,
C-06028,,
C-06029,,
C-06030,,
C-06031,KR,40s
C-06032,,
C-06033,,
C-06034,,
C-06035,AU,Under 20
C-06036,,
C-06037,,
C-06038,,
C-06039,,
C-06040,JP,Under 20
C-06041,,
C-06042,,
C-06043,KR,50s
C-06044,PH,40s
C-06045,IN,20s
C-06046,,
C-06047,,
C-06048,,
C-06049,,
C-06050,,
C-06051,,
C-06052,,
C-06053,KR,60+
C-06054,,
C-06055,,
C-06056,,
C-06057,,
C-06058,KR,Under 20
C-06059,,
C-06060,,
C-06061,,
C-06062,GB,30s
C-06063,,
C-06064,,
C-06065,,
C-06066,,
C-06067,,
C-06068,CN,40s
C-06069,,
C-06070,,
C-06071,,
C-06072,,
C-06073,,
C-06074,,
C-06075,,
C-06076,,
C-06077,,
C-06078,,
C-06079,,
C-06080,,
C-06081,,
C-06082,,
C-06083,,
C-06084,,
C-06085,NZ,20s
C-06086,,
C-06087,,
C-06088,CN,40s
C-06089,,
C-06090,,
C-06091,,
C-06092,,
C-06093,,
C-06094,,
C-06095,,
C-06096,,
C-06097,,
C-06098,,
C-06099,,
C-06100,CN,Under 20
C-06101,,
C-06102,,
C-06103,,
C-06104,,
C-06105,,
C-06106,,
C-06107,,
C-06108,,
C-06109,,
C-06110,,
C-06111,,
C-06112,AU,30s
C-06113,AU,30s
C-06114,,
C-06115,,
C-06116,,
C-06117,,
C-06118,,
C-06119,,
C-06120,,
C-06121,,
C-06122,,
C-06123,,
C-06124,,
C-06125,,
C-06126,,
C-06127,,
C-06128,,
C-06129,PH,20s
C-06130,,
C-06131,,
C-06132,SG,30s
C-06133,,
C-06134,,
C-06135,,
C-06136,,
C-06137,,
C-06138,,
C-06139,,
C-06140,,
C-06141,,
C-06142,CA,20s
C-06143,,
C-06144,,
C-06145,,
C-06146,,
C-06147,,
C-06148,,
C-06149,,
C-06150,KR,20s
C-06151,,
C-06152,,
C-06153,,
C-06154,,
C-06155,,
C-06156,,
C-06157,GB,50s
C-06158,,
C-06159,,
C-06160,US,60+
C-06161,,
C-06162,,
C-06163,,
C-06164,,
C-06165,,
C-06166,,
C-06167,,
C-06168,,
C-06169,,
C-06170,,
C-06171,,
C-06172,,
C-06173,,
C-06174,,
C-06175,,
C-06176,,
C-06177,,
C-06178,,
C-06179,,
C-06180,,
C-06181,,
C-06182,,
C-06183,,
C-06184,,
C-06185,,
C-06186,,
C-06187,,
C-06188,IN,30s
C-06189,,
C-06190,,
C-06191,,
C-06192,,
C-06193,,
C-06194,,
C-06195,,
C-06196,,
C-06197,,
C-06198,,
C-06199,,
C-06200,,
C-06201,,
C-06202,,
C-06203,,
C-06204,PH,50s
C-06205,,
C-06206,CN,20s
C-06207,AU,Under 20
C-06208,,
C-06209,,
C-06210,,
C-06211,,
C-06212,,
C-06213,,
C-06214,,
C-06215,,
C-06216,,
C-06217,,
C-06218,,
C-06219,,
C-06220,,
C-06221,,
C-06222,,
C-06223,,
C-06224,,
C-06225,,
C-06226,,
C-06227,,
C-06228,,
C-06229,KR,20s
C-06230,,
C-06231,,
C-06232,,
C-06233,,
C-06234,,
C-06235,,
C-06236,,
C-06237,,
C-06238,,
C-06239,,
C-06240,PH,40s
C-06241,,
C-06242,,
C-06243,,
C-06244,,
C-06245,,
C-06246,,
C-06247,,
C-06248,SG,Under 20
C-06249,,
C-06250,,
C-06251,,
C-06252,,
C-06253,,
C-06254,,
C-06255,,
C-06256,,
C-06257,,
C-06258,,
C-06259,,
C-06260,CN,30s
C-06261,,
C-06262,,
C-06263,,
C-06264,,
C-06265,,
C-06266,,
C-06267,,
C-06268,NZ,40s
C-06269,GB,40s
C-06270,,
C-06271,,
C-06272,,
C-06273,,
C-06274,,
C-06275,,
C-06276,,
C-06277,CN,40s
C-06278,,
C-06279,,
C-06280,,
C-06281,AU,50s
C-06282,NZ,40s
C-06283,,
C-06284,,
C-06285,US,60+
C-06286,SG,20s
C-06287,CN,40s
C-06288,,
C-06289,,
C-06290,,
C-06291,,
C-06292,,
C-06293,,
C-06294,,
C-06295,,
C-06296,,
C-06297,,
C-06298,,
C-06299,,
C-06300,,
C-06301,,
C-06302,,
C-06303,,
C-06304,,
C-06305,,
C-06306,AU,60+
C-06307,,
C-06308,,
C-06309,,
C-06310,,
C-06311,,
C-06312,,
C-06313,,
C-06314,,
C-06315,,
C-06316,,
C-06317,,
C-06318,,
C-06319,,
C-06320,,
C-06321,,
C-06322,,
C-06323,,
C-06324,,
C-06325,,
C-06326,,
C-06327,,
C-06328,,
C-06329,,
C-06330,,
C-06331,,
C-06332,,
C-06333,,
C-06334,,
C-06335,,
C-06336,,
C-06337,AU,30s
C-06338,,
C-06339,,
C-06340,,
C-06341,AU,60+
C-06342,,
C-06343,,
C-06344,,
C-06345,,
C-06346,,
C-06347,,
C-06348,AU,20s
C-06349,,
C-06350,,
C-06351,,
C-06352,GB,20s
C-06353,,
C-06354,,
C-06355,,
C-06356,,
C-06357,,
C-06358,,
C-06359,,
C-06360,,
C-06361,IN,20s
C-06362,JP,60+
C-06363,,
C-06364,,
C-06365,,
C-06366,,
C-06367,,
C-06368,,
C-06369,,
C-06370,KR,50s
C-06371,,
C-06372,,
C-06373,,
C-06374,,
C-06375,,
C-06376,AU,40s
C-06377,,
C-06378,,
C-06379,,
C-06380,,
C-06381,US,Under 20
C-06382,,
C-06383,,
C-06384,,
C-06385,,
C-06386,,
C-06387,,
C-06388,,
C-06389,,
C-06390,,
C-06391,,
C-06392,NZ,50s
C-06393,,
C-06394,,
C-06395,,
C-06396,,
C-06397,,
C-06398,,
C-06399,NZ,Under 20
C-06400,,
C-06401,,
C-06402,,
C-06403,,
C-06404,JP,60+
C-06405,,
C-06406,CA,40s
C-06407,,
C-06408,,
C-06409,,
C-06410,GB,50s
C-06411,,
C-06412,,
C-06413,,
C-06414,,
C-06415,,
C-06416,,
C-06417,,
C-06418,,
C-06419,,
C-06420,,
C-06421,,
C-06422,,
C-06423,,
C-06424,,
C-06425,,
C-06426,,
C-06427,,
C-06428,,
C-06429,,
C-06430,,
C-06431,,
C-06432,,
C-06433,,
C-06434,,
C-06435,,
C-06436,,
C-06437,,
C-06438,,
C-06439,,
C-06440,NZ,30s
C-06441,,
C-06442,,
C-06443,,
C-06444,,
C-06445,,
C-06446,,
C-06447,,
C-06448,,
C-06449,,
C-06450,,
C-06451,,
C-06452,JP,40s
C-06453,,
C-06454,,
C-06455,PH,30s
C-06456,,
C-06457,,
C-06458,CA,20s
C-06459,,
C-06460,,
C-06461,,
C-06462,,
C-06463,,
C-06464,,
C-06465,,
C-06466,US,20s
C-06467,TH,20s
C-06468,CN,50s
C-06469,,
C-06470,,
C-06471,,
C-06472,IN,30s
C-06473,,
C-06474,,
C-06475,,
C-06476,,
C-06477,,
C-06478,,
C-06479,,
C-06480,,
C-06481,,
C-06482,,
C-06483,,
C-06484,,
C-06485,,
C-06486,,
C-06487,,
C-06488,,
C-06489,,
C-06490,,
C-06491,,
C-06492,,
C-06493,,
C-06494,,
C-06495,CA,30s
C-06496,,
C-06497,,
C-06498,,
C-06499,,
C-06500,,
C-06501,,
C-06502,,
C-06503,,
C-06504,CN,40s
C-06505,,
C-06506,,
C-06507,PH,60+
C-06508,,
C-06509,,
C-06510,,
C-06511,,
C-06512,,
C-06513,,
C-06514,,
C-06515,,
C-06516,,
C-06517,,
C-06518,SG,40s
C-06519,,
C-06520,,
C-06521,,
C-06522,,
C-06523,,
C-06524,,
C-06525,,
C-06526,,
C-06527,,
C-06528,,
C-06529,NZ,40s
C-06530,,
C-06531,,
C-06532,JP,60+
C-06533,,
C-06534,KR,20s
C-06535,,
C-06536,,
C-06537,,
C-06538,,
C-06539,,
C-06540,,
C-06541,,
C-06542,JP,60+
C-06543,,
C-06544,,
C-06545,,
C-06546,,
C-06547,CA,40s
C-06548,,
C-06549,,
C-06550,,
C-06551,,
C-06552,,
C-06553,,
C-06554,,
C-06555,,
C-06556,,
C-06557,,
C-06558,,
C-06559,GB,30s
C-06560,,
C-06561,,
C-06562,,
C-06563,,
C-06564,,
C-06565,CN,40s
C-06566,AU,60+
C-06567,,
C-06568,,
C-06569,,
C-06570,,
C-06571,,
C-06572,,
C-06573,,
C-06574,,
C-06575,,
C-06576,GB,20s
C-06577,,
C-06578,CN,20s
C-06579,,
C-06580,,
C-06581,,
C-06582,,
C-06583,,
C-06584,,
C-06585,,
C-06586,,
C-06587,,
C-06588,,
C-06589,,
C-06590,,
C-06591,,
C-06592,,
C-06593,AU,Under 20
C-06594,,
C-06595,,
C-06596,CN,Under 20
C-06597,,
C-06598,,
C-06599,,
C-06600,,
C-06601,,
C-06602,,
C-06603,,
C-06604,,
C-06605,,
C-06606,,
C-06607,,
C-06608,,
C-06609,,
C-06610,,
C-06611,,
C-06612,,
C-06613,,
C-06614,,
C-06615,PH,40s
C-06616,,
C-06617,,
C-06618,,
C-06619,,
C-06620,,
C-06621,,
C-06622,,
C-06623,,
C-06624,,
C-06625,,
C-06626,,
C-06627,,
C-06628,,
C-06629,,
C-06630,,
C-06631,,
C-06632,,
C-06633,NZ,Under 20
C-06634,,
C-06635,,
C-06636,,
C-06637,,
C-06638,,
C-06639,,
C-06640,,
C-06641,,
C-06642,,
C-06643,,
C-06644,,
C-06645,,
C-06646,,
C-06647,NZ,50s
C-06648,,
C-06649,,
C-06650,,
C-06651,,
C-06652,,
C-06653,,
C-06654,JP,30s
C-06655,,
C-06656,,
C-06657,,
C-06658,,
C-06659,,
C-06660,,
C-06661,,
C-06662,,
C-06663,,
C-06664,,
C-06665,,
C-06666,,
C-06667,TH,Under 20
C-06668,,
C-06669,,
C-06670,,
C-06671,,
C-06672,,
C-06673,,
C-06674,,
C-06675,,
C-06676,CN,50s
C-06677,,
C-06678,,
C-06679,,
C-06680,,
C-06681,,
C-06682,,
C-06683,,
C-06684,NZ,60+
C-06685,,
C-06686,,
C-06687,,
C-06688,,
C-06689,,
C-06690,,
C-06691,,
C-06692,,
C-06693,,
C-06694,NZ,50s
C-06695,,
C-06696,,
C-06697,NZ,30s
C-06698,,
C-06699,,
C-06700,AU,50s
C-06701,,
C-06702,,
C-06703,,
C-06704,,
C-06705,,
C-06706,,
C-06707,KR,50s
C-06708,,
C-06709,,
C-06710,,
C-06711,,
C-06712,,
C-06713,,
C-06714,,
C-06715,,
C-06716,,
C-06717,,
C-06718,,
C-06719,,
C-06720,,
C-06721,,
C-06722,,
C-06723,,
C-06724,,
C-06725,TH,60+
C-06726,,
C-06727,,
C-06728,,
C-06729,,
C-06730,,
C-06731,JP,20s
C-06732,,
C-06733,,
C-06734,,
C-06735,,
C-06736,,
C-06737,PH,20s
C-06738,,
C-06739,,
C-06740,,
C-06741,,
C-06742,,
C-06743,,
C-06744,NZ,40s
C-06745,,
C-06746,,
C-06747,,
C-06748,,
C-06749,,
C-06750,,
C-06751,,
C-06752,,
C-06753,,
C-06754,,
C-06755,,
C-06756,,
C-06757,,
C-06758,,
C-06759,,
C-06760,,
C-06761,,
C-06762,,
C-06763,,
C-06764,,
C-06765,,
C-06766,,
C-06767,,
C-06768,,
C-06769,,
C-06770,IN,50s
C-06771,JP,20s
C-06772,,
C-06773,,
C-06774,,
C-06775,,
C-06776,NZ,40s
C-06777,,
C-06778,TH,60+
C-06779,,
C-06780,,
C-06781,,
C-06782,,
C-06783,,
C-06784,NZ,30s
C-06785,,
C-06786,,
C-06787,,
C-06788,,
C-06789,,
C-06790,,
C-06791,,
C-06792,,
C-06793,,
C-06794,,
C-06795,,
C-06796,,
C-06797,,
C-06798,AU,40s
C-06799,,
C-06800,,
C-06801,,
C-06802,,
C-06803,,
C-06804,,
C-06805,,
C-06806,KR,40s
C-06807,,
C-06808,,
C-06809,,
C-06810,,
C-06811,AU,50s
C-06812,,
C-06813,,
C-06814,GB,50s
C-06815,,
C-06816,,
C-06817,PH,50s
C-06818,,
C-06819,,
C-06820,IN,60+
C-06821,,
C-06822,,
C-06823,,
C-06824,,
C-06825,,
C-06826,,
C-06827,CN,20s
C-06828,,
C-06829,CN,Under 20
C-06830,CN,30s
C-06831,,
C-06832,,
C-06833,,
C-06834,,
C-06835,CN,50s
C-06836,,
C-06837,,
C-06838,,
C-06839,,
C-06840,,
C-06841,,
C-06842,,
C-06843,,
C-06844,,
C-06845,,
C-06846,,
C-06847,,
C-06848,AU,20s
C-06849,,
C-06850,,
C-06851,,
C-06852,,
C-06853,,
C-06854,,
C-06855,KR,Under 20
C-06856,,
C-06857,,
C-06858,,
C-06859,,
C-06860,,
C-06861,,
C-06862,,
C-06863,,
C-06864,,
C-06865,,
C-06866,,
C-06867,,
C-06868,,
C-06869,,
C-06870,,
C-06871,,
C-06872,,
C-06873,,
C-06874,,
C-06875,,
C-06876,,
C-06877,,
C-06878,,
C-06879,,
C-06880,,
C-06881,,
C-06882,,
C-06883,,
C-06884,,
C-06885,,
C-06886,CA,30s
C-06887,,
C-06888,,
C-06889,,
C-06890,TH,20s
C-06891,,
C-06892,SG,20s
C-06893,,
C-06894,,
C-06895,,
C-06896,,
C-06897,NZ,50s
C-06898,,
C-06899,,
C-06900,,
C-06901,,
C-06902,,
C-06903,,
C-06904,,
C-06905,,
C-06906,,
C-06907,,
C-06908,,
C-06909,,
C-06910,,
C-06911,,
C-06912,AU,50s
C-06913,,
C-06914,,
C-06915,,
C-06916,,
C-06917,,
C-06918,,
C-06919,,
C-06920,,
C-06921,,
C-06922,,
C-06923,,
C-06924,,
C-06925,,
C-06926,,
C-06927,,
C-06928,,
C-06929,,
C-06930,,
C-06931,,
C-06932,,
C-06933,,
C-06934,,
C-06935,CN,30s
C-06936,,
C-06937,,
C-06938,CN,Under 20
C-06939,,
C-06940,IN,50s
C-06941,,
C-06942,,
C-06943,SG,60+
C-06944,,
C-06945,,
C-06946,,
C-06947,,
C-06948,,
C-06949,,
C-06950,,
C-06951,,
C-06952,,
C-06953,,
C-06954,,
C-06955,,
C-06956,,
C-06957,,
C-06958,,
C-06959,,
C-06960,,
C-06961,,
C-06962,,
C-06963,,
C-06964,,
C-06965,,
C-06966,,
C-06967,,
C-06968,,
C-06969,,
C-06970,,
C-06971,PH,50s
C-06972,,
C-06973,US,20s
C-06974,,
C-06975,CA,20s
C-06976,,
C-06977,,
C-06978,,
C-06979,,
C-06980,,
C-06981,,
C-06982,KR,40s
C-06983,,
C-06984,,
C-06985,,
C-06986,,
C-06987,,
C-06988,US,50s
C-06989,,
C-06990,AU,40s
C-06991,,
C-06992,,
C-06993,CA,20s
C-06994,,
C-06995,US,20s
C-06996,GB,20s
C-06997,,
C-06998,,
C-06999,JP,30s
C-07000,,
C-07001,,
C-07002,,
C-07003,,
C-07004,,
C-07005,,
C-07006,US,40s
C-07007,,
C-07008,,
C-07009,,
C-07010,,
C-07011,,
C-07012,,
C-07013,,
C-07014,NZ,60+
C-07015,,
C-07016,KR,40s
C-07017,,
C-07018,,
C-07019,US,40s
C-07020,,
C-07021,,
C-07022,,
C-07023,,
C-07024,,
C-07025,,
C-07026,,
C-07027,,
C-07028,,
C-07029,AU,Under 20
C-07030,NZ,Under 20
C-07031,,
C-07032,,
C-07033,,
C-07034,,
C-07035,,
C-07036,,
C-07037,,
C-07038,,
C-07039,,
C-07040,,
C-07041,,
C-07042,,
C-07043,,
C-07044,,
C-07045,,
C-07046,,
C-07047,,
C-07048,,
C-07049,,
C-07050,,
C-07051,,
C-07052,,
C-07053,,
C-07054,,
C-07055,,
C-07056,,
C-07057,,
C-07058,,
C-07059,,
C-07060,,
C-07061,TH,20s
C-07062,,
C-07063,,
C-07064,AU,40s
C-07065,,
C-07066,,
C-07067,,
C-07068,,
C-07069,,
C-07070,US,Under 20
C-07071,,
C-07072,,
C-07073,,
C-07074,,
C-07075,,
C-07076,,
C-07077,AU,Under 20
C-07078,,
C-07079,,
C-07080,,
C-07081,,
C-07082,,
C-07083,,
C-07084,,
C-07085,,
C-07086,,
C-07087,KR,60+
C-07088,,
C-07089,,
C-07090,,
C-07091,,
C-07092,,
C-07093,,
C-07094,,
C-07095,,
C-07096,,
C-07097,,
C-07098,,
C-07099,,
C-07100,,
C-07101,,
C-07102,GB,60+
C-07103,,
C-07104,,
C-07105,,
C-07106,SG,50s
C-07107,,
C-07108,,
C-07109,,
C-07110,,
C-07111,,
C-07112,CN,50s
C-07113,,
C-07114,,
C-07115,,
C-07116,,
C-07117,,
C-07118,,
C-07119,,
C-07120,,
C-07121,US,40s
C-07122,,
C-07123,,
C-07124,,
C-07125,KR,60+
C-07126,,
C-07127,,
C-07128,,
C-07129,TH,20s
C-07130,,
C-07131,,
C-07132,,
C-07133,,
C-07134,,
C-07135,,
C-07136,,
C-07137,,
C-07138,,
C-07139,,
C-07140,,
C-07141,,
C-07142,,
C-07143,,
C-07144,,
C-07145,,
C-07146,,
C-07147,,
C-07148,,
C-07149,,
C-07150,,
C-07151,,
C-07152,,
C-07153,,
C-07154,,
C-07155,CN,Under 20
C-07156,,
C-07157,,
C-07158,,
C-07159,,
C-07160,,
C-07161,TH,20s
C-07162,,
C-07163,NZ,50s
C-07164,,
C-07165,,
C-07166,,
C-07167,,
C-07168,,
C-07169,,
C-07170,,
C-07171,,
C-07172,,
C-07173,,
C-07174,NZ,60+
C-07175,,
C-07176,,
C-07177,,
C-07178,,
C-07179,,
C-07180,,
C-07181,,
C-07182,IN,40s
C-07183,,
C-07184,,
C-07185,,
C-07186,,
C-07187,,
C-07188,,
C-07189,,
C-07190,,
C-07191,,
C-07192,,
C-07193,,
C-07194,,
C-07195,,
C-07196,,
C-07197,,
C-07198,,
C-07199,,
C-07200,,
C-07201,,
C-07202,,
C-07203,,
C-07204,,
C-07205,,
C-07206,,
C-07207,,
C-07208,,
C-07209,,
C-07210,,
C-07211,,
C-07212,,
C-07213,,
C-07214,,
C-07215,,
C-07216,,
C-07217,,
C-07218,,
C-07219,,
C-07220,AU,40s
C-07221,JP,60+
C-07222,,
C-07223,,
C-07224,,
C-07225,,
C-07226,,
C-07227,,
C-07228,,
C-07229,JP,50s
C-07230,,
C-07231,,
C-07232,,
C-07233,,
C-07234,,
C-07235,,
C-07236,,
C-07237,,
C-07238,,
C-07239,,
C-07240,IN,60+
C-07241,,
C-07242,AU,50s
C-07243,,
C-07244,,
C-07245,,
C-07246,,
C-07247,,
C-07248,US,20s
C-07249,,
C-07250,,
C-07251,,
C-07252,,
C-07253,,
C-07254,,
C-07255,,
C-07256,,
C-07257,,
C-07258,,
C-07259,,
C-07260,,
C-07261,NZ,30s
C-07262,,
C-07263,,
C-07264,,
C-07265,,
C-07266,,
C-07267,,
C-07268,,
C-07269,,
C-07270,,
C-07271,,
C-07272,,
C-07273,,
C-07274,,
C-07275,CA,60+
C-07276,,
C-07277,,
C-07278,,
C-07279,,
C-07280,,
C-07281,,
C-07282,,
C-07283,,
C-07284,,
C-07285,,
C-07286,,
C-07287,,
C-07288,,
C-07289,,
C-07290,US,60+
C-07291,,
C-07292,TH,20s
C-07293,,
C-07294,,
C-07295,,
C-07296,,
C-07297,,
C-07298,,
C-07299,,
C-07300,,
C-07301,,
C-07302,,
C-07303,,
C-07304,,
C-07305,,
C-07306,,
C-07307,,
C-07308,,
C-07309,IN,50s
C-07310,,
C-07311,,
C-07312,,
C-07313,,
C-07314,,
C-07315,TH,Under 20
C-07316,,
C-07317,,
C-07318,,
C-07319,CA,30s
C-07320,,
C-07321,,
C-07322,,
C-07323,,
C-07324,,
C-07325,,
C-07326,,
C-07327,,
C-07328,,
C-07329,,
C-07330,CN,60+
C-07331,,
C-07332,,
C-07333,TH,30s
C-07334,AU,50s
C-07335,PH,20s
C-07336,NZ,Under 20
C-07337,,
C-07338,PH,40s
C-07339,,
C-07340,,
C-07341,,
C-07342,,
C-07343,,
C-07344,,
C-07345,,
C-07346,,
C-07347,,
C-07348,,
C-07349,,
C-07350,,
C-07351,,
C-07352,IN,50s
C-07353,,
C-07354,,
C-07355,,
C-07356,,
C-07357,,
C-07358,,
C-07359,,
C-07360,,
C-07361,,
C-07362,,
C-07363,,
C-07364,,
C-07365,NZ,20s
C-07366,,
C-07367,,
C-07368,NZ,60+
C-07369,,
C-07370,,
C-07371,IN,40s
C-07372,,
C-07373,,
C-07374,,
C-07375,,
C-07376,,
C-07377,,
C-07378,,
C-07379,AU,50s
C-07380,,
C-07381,,
C-07382,,
C-07383,,
C-07384,CN,Under 20
C-07385,,
C-07386,,
C-07387,,
C-07388,,
C-07389,CN,50s
C-07390,,
C-07391,,
C-07392,,
C-07393,CN,30s
C-07394,NZ,30s
C-07395,,
C-07396,,
C-07397,,
C-07398,,
C-07399,,
C-07400,KR,30s
C-07401,,
C-07402,,
C-07403,JP,20s
C-07404,JP,40s
C-07405,,
C-07406,,
C-07407,,
C-07408,,
C-07409,,
C-07410,,
C-07411,IN,20s
C-07412,,
C-07413,,
C-07414,,
C-07415,,
C-07416,,
C-07417,,
C-07418,,
C-07419,,
C-07420,,
C-07421,,
C-07422,,
C-07423,,
C-07424,,
C-07425,,
C-07426,,
C-07427,,
C-07428,,
C-07429,,
C-07430,,
C-07431,,
C-07432,CN,60+
C-07433,,
C-07434,AU,30s
C-07435,,
C-07436,,
C-07437,,
C-07438,AU,30s
C-07439,,
C-07440,,
C-07441,GB,30s
C-07442,CN,40s
C-07443,,
C-07444,,
C-07445,,
C-07446,,
C-07447,,
C-07448,,
C-07449,GB,Under 20
C-07450,,
C-07451,,
C-07452,,
C-07453,,
C-07454,,
C-07455,,
C-07456,,
C-07457,,
C-07458,,
C-07459,US,40s
C-07460,,
C-07461,,
C-07462,,
C-07463,,
C-07464,,
C-07465,,
C-07466,,
C-07467,,
C-07468,PH,30s
C-07469,,
C-07470,,
C-07471,,
C-07472,,
C-07473,,
C-07474,,
C-07475,,
C-07476,,
C-07477,,
C-07478,,
C-07479,CN,Under 20
C-07480,,
C-07481,,
C-07482,,
C-07483,,
C-07484,,
C-07485,,
C-07486,,
C-07487,,
C-07488,,
C-07489,,
C-07490,,
C-07491,CN,40s
C-07492,,
C-07493,,
C-07494,,
C-07495,,
C-07496,,
C-07497,JP,40s
C-07498,,
C-07499,,
C-07500,,
C-07501,IN,40s
C-07502,,
C-07503,,
C-07504,AU,40s
C-07505,PH,40s
C-07506,,
C-07507,,
C-07508,,
C-07509,,
C-07510,,
C-07511,CA,30s
C-07512,,
C-07513,,
C-07514,,
C-07515,,
C-07516,,
C-07517,,
C-07518,,
C-07519,,
C-07520,,
C-07521,,
C-07522,,
C-07523,,
C-07524,,
C-07525,,
C-07526,,
C-07527,,
C-07528,,
C-07529,,
C-07530,,
C-07531,,
C-07532,,
C-07533,,
C-07534,,
C-07535,CA,20s
C-07536,,
C-07537,,
C-07538,,
C-07539,,
C-07540,,
C-07541,,
C-07542,,
C-07543,,
C-07544,,
C-07545,,
C-07546,,
C-07547,,
C-07548,IN,20s
C-07549,,
C-07550,,
C-07551,,
C-07552,,
C-07553,,
C-07554,,
C-07555,,
C-07556,,
C-07557,JP,Under 20
C-07558,,
C-07559,,
C-07560,,
C-07561,US,40s
C-07562,,
C-07563,,
C-07564,,
C-07565,,
C-07566,,
C-07567,,
C-07568,,
C-07569,,
C-07570,,
C-07571,,
C-07572,,
C-07573,,
C-07574,,
C-07575,,
C-07576,,
C-07577,,
C-07578,,
C-07579,,
C-07580,,
C-07581,AU,Under 20
C-07582,AU,40s
C-07583,IN,50s
C-07584,,
C-07585,US,50s
C-07586,,
C-07587,,
C-07588,,
C-07589,,
C-07590,,
C-07591,,
C-07592,PH,Under 20
C-07593,,
C-07594,,
C-07595,,
C-07596,,
C-07597,,
C-07598,,
C-07599,,
C-07600,,
C-07601,,
C-07602,,
C-07603,,
C-07604,,
C-07605,,
C-07606,,
C-07607,,
C-07608,,
C-07609,CA,Under 20
C-07610,CN,30s
C-07611,,
C-07612,,
C-07613,,
C-07614,,
C-07615,,
C-07616,,
C-07617,,
C-07618,,
C-07619,,
C-07620,,
C-07621,,
C-07622,SG,40s
C-07623,KR,60+
C-07624,,
C-07625,,
C-07626,,
C-07627,,
C-07628,JP,50s
C-07629,GB,40s
C-07630,,
C-07631,,
C-07632,,
C-07633,,
C-07634,,
C-07635,,
C-07636,US,60+
C-07637,,
C-07638,,
C-07639,,
C-07640,,
C-07641,,
C-07642,,
C-07643,IN,40s
C-07644,,
C-07645,,
C-07646,,
C-07647,,
C-07648,,
C-07649,,
C-07650,,
C-07651,,
C-07652,,
C-07653,,
C-07654,,
C-07655,AU,20s
C-07656,,
C-07657,,
C-07658,,
C-07659,US,50s
C-07660,CN,30s
C-07661,,
C-07662,US,30s
C-07663,,
C-07664,,
C-07665,JP,40s
C-07666,SG,Under 20
C-07667,,
C-07668,,
C-07669,,
C-07670,,
C-07671,,
C-07672,,
C-07673,,
C-07674,,
C-07675,,
C-07676,,
C-07677,,
C-07678,NZ,30s
C-07679,,
C-07680,,
C-07681,,
C-07682,,
C-07683,,
C-07684,,
C-07685,,
C-07686,AU,50s
C-07687,,
C-07688,,
C-07689,,
C-07690,,
C-07691,CN,Under 20
C-07692,,
C-07693,,
C-07694,,
C-07695,,
C-07696,,
C-07697,,
C-07698,,
C-07699,,
C-07700,,
C-07701,,
C-07702,,
C-07703,,
C-07704,,
C-07705,,
C-07706,,
C-07707,,
C-07708,,
C-07709,,
C-07710,,
C-07711,,
C-07712,,
C-07713,,
C-07714,,
C-07715,,
C-07716,,
C-07717,,
C-07718,,
C-07719,,
C-07720,,
C-07721,,
C-07722,,
C-07723,,
C-07724,,
C-07725,,
C-07726,CN,Under 20
C-07727,,
C-07728,,
C-07729,,
C-07730,,
C-07731,,
C-07732,,
C-07733,,
C-07734,,
C-07735,JP,40s
C-07736,,
C-07737,,
C-07738,KR,30s
C-07739,,
C-07740,,
C-07741,IN,60+
C-07742,,
C-07743,,
C-07744,,
C-07745,,
C-07746,,
C-07747,,
C-07748,,
C-07749,,
C-07750,CN,50s
C-07751,,
C-07752,,
C-07753,,
C-07754,,
C-07755,,
C-07756,,
C-07757,,
C-07758,,
C-07759,,
C-07760,US,Under 20
C-07761,,
C-07762,,
C-07763,CN,30s
C-07764,,
C-07765,,
C-07766,AU,50s
C-07767,,
C-07768,,
C-07769,,
C-07770,,
C-07771,,
C-07772,,
C-07773,,
C-07774,KR,Under 20
C-07775,,
C-07776,,
C-07777,,
C-07778,,
C-07779,,
C-07780,,
C-07781,JP,40s
C-07782,,
C-07783,,
C-07784,,
C-07785,,
C-07786,,
C-07787,,
C-07788,NZ,50s
C-07789,CN,Under 20
C-07790,,
C-07791,,
C-07792,,
C-07793,,
C-07794,,
C-07795,IN,30s
C-07796,,
C-07797,,
C-07798,IN,Under 20
C-07799,,
C-07800,,
C-07801,SG,Under 20
C-07802,,
C-07803,,
C-07804,,
C-07805,,
C-07806,,
C-07807,,
C-07808,,
C-07809,CN,20s
C-07810,,
C-07811,,
C-07812,,
C-07813,,
C-07814,,
C-07815,GB,50s
C-07816,,
C-07817,,
C-07818,,
C-07819,,
C-07820,,
C-07821,JP,60+
C-07822,GB,20s
C-07823,,
C-07824,,
C-07825,,
C-07826,TH,Under 20
C-07827,,
C-07828,,
C-07829,,
C-07830,,
C-07831,,
C-07832,,
C-07833,,
C-07834,,
C-07835,,
C-07836,,
C-07837,,
C-07838,,
C-07839,,
C-07840,,
C-07841,CN,30s
C-07842,,
C-07843,,
C-07844,,
C-07845,,
C-07846,,
C-07847,US,60+
C-07848,,
C-07849,,
C-07850,,
C-07851,,
C-07852,,
C-07853,,
C-07854,,
C-07855,,
C-07856,,
C-07857,KR,40s
C-07858,,
C-07859,GB,30s
C-07860,,
C-07861,,
C-07862,,
C-07863,,
C-07864,CN,Under 20
C-07865,NZ,40s
C-07866,,
C-07867,,
C-07868,,
C-07869,,
C-07870,,
C-07871,,
C-07872,AU,20s
C-07873,,
C-07874,,
C-07875,AU,30s
C-07876,,
C-07877,,
C-07878,,
C-07879,,
C-07880,,
C-07881,,
C-07882,,
C-07883,,
C-07884,,
C-07885,,
C-07886,,
C-07887,,
C-07888,,
C-07889,,
C-07890,,
C-07891,,
C-07892,CN,60+
C-07893,,
C-07894,,
C-07895,,
C-07896,,
C-07897,,
C-07898,,
C-07899,,
C-07900,,
C-07901,,
C-07902,,
C-07903,,
C-07904,,
C-07905,TH,Under 20
C-07906,,
C-07907,,
C-07908,NZ,40s
C-07909,,
C-07910,,
C-07911,,
C-07912,JP,50s
C-07913,,
C-07914,,
C-07915,,
C-07916,,
C-07917,,
C-07918,,
C-07919,JP,30s
C-07920,,
C-07921,,
C-07922,,
C-07923,,
C-07924,,
C-07925,,
C-07926,NZ,60+
C-07927,,
C-07928,,
C-07929,,
C-07930,,
C-07931,,
C-07932,,
C-07933,,
C-07934,,
C-07935,,
C-07936,,
C-07937,,
C-07938,,
C-07939,,
C-07940,,
C-07941,GB,60+
C-07942,,
C-07943,,
C-07944,,
C-07945,,
C-07946,,
C-07947,,
C-07948,,
C-07949,,
C-07950,,
C-07951,,
C-07952,,
C-07953,,
C-07954,,
C-07955,,
C-07956,,
C-07957,,
C-07958,,
C-07959,,
C-07960,,
C-07961,,
C-07962,GB,30s
C-07963,,
C-07964,JP,50s
C-07965,,
C-07966,,
C-07967,,
C-07968,,
C-07969,,
C-07970,,
C-07971,,
C-07972,,
C-07973,,
C-07974,,
C-07975,,
C-07976,,
C-07977,,
C-07978,,
C-07979,AU,30s
C-07980,,
C-07981,US,Under 20
C-07982,,
C-07983,,
C-07984,CN,30s
C-07985,,
C-07986,,
C-07987,,
C-07988,,
C-07989,,
C-07990,,
C-07991,,
C-07992,,
C-07993,,
C-07994,,
C-07995,,
C-07996,,
C-07997,SG,20s
C-07998,,
C-07999,,
C-08000,,
